[
0x07230203,0x00010000,0x000d000b,0x0000146e,
0x00000000,0x00020011,0x00000001,0x0006000b,
0x00000001,0x4c534c47,0x6474732e,0x3035342e,
0x00000000,0x0003000e,0x00000000,0x00000001,
0x000a000f,0x00000004,0x00000004,0x6e69616d,
0x00000000,0x00000079,0x0000007e,0x000004d7,
0x000004e9,0x000004ee,0x00030010,0x00000004,
0x00000007,0x00040047,0x00000079,0x0000001e,
0x00000003,0x00040047,0x0000007e,0x0000001e,
0x00000002,0x00040047,0x000004d3,0x00000021,
0x00000000,0x00040047,0x000004d3,0x00000022,
0x00000000,0x00040047,0x000004d7,0x0000001e,
0x00000000,0x00040047,0x000004dc,0x00000006,
0x00000008,0x00030047,0x000004dd,0x00000002,
0x00050048,0x000004dd,0x00000000,0x00000023,
0x00000000,0x00050048,0x000004dd,0x00000001,
0x00000023,0x00000008,0x00050048,0x000004dd,
0x00000002,0x00000023,0x0000000c,0x00050048,
0x000004dd,0x00000003,0x00000023,0x00000010,
0x00050048,0x000004dd,0x00000004,0x00000023,
0x00000014,0x00050048,0x000004dd,0x00000005,
0x00000023,0x00000018,0x00050048,0x000004dd,
0x00000006,0x00000023,0x0000001c,0x00050048,
0x000004dd,0x00000007,0x00000023,0x00000020,
0x00050048,0x000004dd,0x00000008,0x00000023,
0x00000060,0x00050048,0x000004dd,0x00000009,
0x00000023,0x00000078,0x00050048,0x000004dd,
0x0000000a,0x00000023,0x000000e4,0x00040047,
0x000004e9,0x0000001e,0x00000000,0x00040047,
0x000004ee,0x0000000b,0x0000000f,0x00040047,
0x000004fb,0x00000021,0x00000001,0x00040047,
0x000004fb,0x00000022,0x00000000,0x00020013,
0x00000002,0x00030021,0x00000003,0x00000002,
0x00030016,0x00000006,0x00000020,0x00040017,
0x00000007,0x00000006,0x00000004,0x00040017,
0x0000000d,0x00000006,0x00000003,0x00040015,
0x0000006f,0x00000020,0x00000000,0x00040020,
0x00000078,0x00000001,0x00000007,0x0004003b,
0x00000078,0x00000079,0x00000001,0x00040020,
0x0000007d,0x00000001,0x00000006,0x0004003b,
0x0000007d,0x0000007e,0x00000001,0x0004002b,
0x0000006f,0x00000080,0x00000003,0x0004002b,
0x0000006f,0x00000089,0x00000000,0x0004002b,
0x0000006f,0x0000008c,0x00000001,0x0004002b,
0x0000006f,0x00000090,0x00000002,0x0004002b,
0x00000006,0x000000a2,0x00000000,0x0004002b,
0x00000006,0x000000a6,0x3f000000,0x00020014,
0x000000aa,0x0004002b,0x00000006,0x000000bd,
0x40000000,0x0004002b,0x00000006,0x000000ca,
0x40c00000,0x0004002b,0x00000006,0x000000f8,
0x3eaaaaab,0x0004002b,0x00000006,0x000000ff,
0x3f2aaaab,0x0004002b,0x00000006,0x0000010a,
0x3f800000,0x0004002b,0x00000006,0x0000013e,
0x40400000,0x0006002c,0x0000000d,0x000001f5,
0x000000a6,0x000000a6,0x000000a6,0x00040017,
0x000001f6,0x000000aa,0x00000003,0x0006002c,
0x0000000d,0x00000288,0x000000a2,0x000000a2,
0x000000a2,0x0006002c,0x0000000d,0x000002fa,
0x0000010a,0x0000010a,0x0000010a,0x0004002b,
0x0000006f,0x00000332,0x00000004,0x0004002b,
0x0000006f,0x00000335,0x00000014,0x0004002b,
0x0000006f,0x00000345,0x00000005,0x0004002b,
0x0000006f,0x0000034e,0x00000006,0x0004002b,
0x0000006f,0x0000035b,0x00000007,0x0004002b,
0x0000006f,0x0000036a,0x00000008,0x0004002b,
0x0000006f,0x00000379,0x00000009,0x0004002b,
0x0000006f,0x00000387,0x0000000a,0x0004002b,
0x0000006f,0x00000390,0x0000000b,0x0004002b,
0x0000006f,0x0000039f,0x0000000c,0x0004002b,
0x0000006f,0x000003ae,0x0000000d,0x0004002b,
0x0000006f,0x000003bd,0x0000000e,0x0004002b,
0x0000006f,0x000003cc,0x0000000f,0x0004002b,
0x0000006f,0x000003db,0x00000010,0x0004002b,
0x0000006f,0x000003ea,0x00000011,0x0004002b,
0x0000006f,0x000003f9,0x00000012,0x0004002b,
0x0000006f,0x00000407,0x00000013,0x0004002b,
0x0000006f,0x00000419,0x00000015,0x0004002b,
0x0000006f,0x00000428,0x00000016,0x0004002b,
0x0000006f,0x00000437,0x00000017,0x0004002b,
0x0000006f,0x00000446,0x00000018,0x0004002b,
0x0000006f,0x00000454,0x00000019,0x0004002b,
0x0000006f,0x00000464,0x0000001a,0x0004002b,
0x0000006f,0x00000473,0x0000001b,0x0004002b,
0x0000006f,0x00000482,0x0000001c,0x0004002b,
0x0000006f,0x00000491,0x0000001d,0x0004002b,
0x0000006f,0x000004a0,0x0000001e,0x0004002b,
0x0000006f,0x000004af,0x0000001f,0x0004002b,
0x0000006f,0x000004ba,0x00000020,0x00090019,
0x000004d0,0x00000006,0x00000001,0x00000000,
0x00000000,0x00000000,0x00000001,0x00000000,
0x0003001b,0x000004d1,0x000004d0,0x00040020,
0x000004d2,0x00000000,0x000004d1,0x0004003b,
0x000004d2,0x000004d3,0x00000000,0x00040017,
0x000004d5,0x00000006,0x00000002,0x00040020,
0x000004d6,0x00000001,0x000004d5,0x0004003b,
0x000004d6,0x000004d7,0x00000001,0x0004001c,
0x000004dc,0x000004d5,0x0000036a,0x000d001e,
0x000004dd,0x000004d5,0x0000006f,0x0000006f,
0x00000006,0x0000006f,0x0000006f,0x0000006f,
0x000004dc,0x0000006f,0x0000006f,0x0000006f,
0x00040020,0x000004de,0x00000009,0x000004dd,
0x0004003b,0x000004de,0x000004df,0x00000009,
0x00040015,0x000004e0,0x00000020,0x00000001,
0x0004002b,0x000004e0,0x000004e1,0x00000008,
0x00040020,0x000004e2,0x00000009,0x0000006f,
0x00040020,0x000004e8,0x00000003,0x00000007,
0x0004003b,0x000004e8,0x000004e9,0x00000003,
0x0004003b,0x00000078,0x000004ee,0x00000001,
0x0004002b,0x000004e0,0x000004f1,0x00000000,
0x00040020,0x000004f2,0x00000009,0x000004d5,
0x0005002c,0x000004d5,0x000004f5,0x0000010a,
0x0000010a,0x0005002c,0x000004d5,0x000004f8,
0x000000a2,0x000000a2,0x0004003b,0x000004d2,
0x000004fb,0x00000000,0x00040020,0x0000050c,
0x00000003,0x00000006,0x0004002b,0x00000006,
0x00001469,0x3e2aaaab,0x0004002b,0x00000006,
0x0000146a,0xbf2aaaaa,0x0004002b,0x00000006,
0x0000146b,0x3faaaaab,0x0004002b,0x00000006,
0x0000146c,0x3f2aaaaa,0x00030001,0x0000000d,
0x0000146d,0x00050036,0x00000002,0x00000004,
0x00000000,0x00000003,0x000200f8,0x00000005,
0x000300f7,0x00000517,0x00000000,0x000300fb,
0x00000089,0x00000518,0x000200f8,0x00000518,
0x0004003d,0x000004d1,0x000004d4,0x000004d3,
0x0004003d,0x000004d5,0x000004d8,0x000004d7,
0x00050057,0x00000007,0x000004d9,0x000004d4,
0x000004d8,0x0004003d,0x00000007,0x00000538,
0x00000079,0x00050085,0x00000007,0x0000053a,
0x000004d9,0x00000538,0x0004003d,0x00000006,
0x0000053b,0x0000007e,0x00050051,0x00000006,
0x0000053d,0x0000053a,0x00000003,0x00050085,
0x00000006,0x0000053e,0x0000053d,0x0000053b,
0x00060052,0x00000007,0x00001291,0x0000053e,
0x0000053a,0x00000003,0x00050041,0x000004e2,
0x000004e3,0x000004df,0x000004e1,0x0004003d,
0x0000006f,0x000004e4,0x000004e3,0x000500aa,
0x000000aa,0x000004e5,0x000004e4,0x00000089,
0x000300f7,0x000004e7,0x00000000,0x000400fa,
0x000004e5,0x000004e6,0x000004e7,0x000200f8,
0x000004e6,0x0003003e,0x000004e9,0x00001291,
0x000200f9,0x00000517,0x000200f8,0x000004e7,
0x0004003d,0x00000007,0x000004ef,0x000004ee,
0x0007004f,0x000004d5,0x000004f0,0x000004ef,
0x000004ef,0x00000000,0x00000001,0x00050041,
0x000004f2,0x000004f3,0x000004df,0x000004f1,
0x0004003d,0x000004d5,0x000004f4,0x000004f3,
0x0007000c,0x000004d5,0x000004f6,0x00000001,
0x00000028,0x000004f4,0x000004f5,0x00050088,
0x000004d5,0x000004f7,0x000004f0,0x000004f6,
0x0008000c,0x000004d5,0x000004f9,0x00000001,
0x0000002b,0x000004f7,0x000004f8,0x000004f5,
0x0004003d,0x000004d1,0x000004fc,0x000004fb,
0x00050057,0x00000007,0x000004fe,0x000004fc,
0x000004f9,0x0008004f,0x0000000d,0x00000504,
0x000004fe,0x000004fe,0x00000000,0x00000001,
0x00000002,0x0008004f,0x0000000d,0x00000507,
0x00001291,0x00001291,0x00000000,0x00000001,
0x00000002,0x000300f7,0x000006cc,0x00000000,
0x000300fb,0x00000089,0x00000569,0x000200f8,
0x00000569,0x000500aa,0x000000aa,0x0000056b,
0x000004e4,0x0000008c,0x000300f7,0x00000574,
0x00000000,0x000400fa,0x0000056b,0x0000056c,
0x00000574,0x000200f8,0x0000056c,0x0007000c,
0x0000000d,0x00000570,0x00000001,0x00000025,
0x00000507,0x00000504,0x00060050,0x0000000d,
0x00000572,0x0000053e,0x0000053e,0x0000053e,
0x0008000c,0x0000000d,0x00000573,0x00000001,
0x0000002e,0x00000504,0x00000570,0x00000572,
0x000200f9,0x000006cc,0x000200f8,0x00000574,
0x000500aa,0x000000aa,0x00000576,0x000004e4,
0x00000090,0x000300f7,0x0000057f,0x00000000,
0x000400fa,0x00000576,0x00000577,0x0000057f,
0x000200f8,0x00000577,0x00050085,0x0000000d,
0x0000057b,0x00000504,0x00000507,0x00060050,
0x0000000d,0x0000057d,0x0000053e,0x0000053e,
0x0000053e,0x0008000c,0x0000000d,0x0000057e,
0x00000001,0x0000002e,0x00000504,0x0000057b,
0x0000057d,0x000200f9,0x000006cc,0x000200f8,
0x0000057f,0x000500aa,0x000000aa,0x00000581,
0x000004e4,0x00000080,0x000300f7,0x0000058a,
0x00000000,0x000400fa,0x00000581,0x00000582,
0x0000058a,0x000200f8,0x00000582,0x00050051,
0x00000006,0x000006d7,0x000004fe,0x00000000,
0x00050051,0x00000006,0x000006d9,0x0000053a,
0x00000000,0x000500b4,0x000000aa,0x000006ea,
0x000006d9,0x000000a2,0x000300f7,0x000006f4,
0x00000000,0x000400fa,0x000006ea,0x000006eb,
0x000006ed,0x000200f8,0x000006eb,0x000200f9,
0x000006f4,0x000200f8,0x000006ed,0x00050083,
0x00000006,0x000006ef,0x0000010a,0x000006d7,
0x00050088,0x00000006,0x000006f1,0x000006ef,
0x000006d9,0x00050083,0x00000006,0x000006f2,
0x0000010a,0x000006f1,0x0007000c,0x00000006,
0x000006f3,0x00000001,0x00000028,0x000006f2,
0x000000a2,0x000200f9,0x000006f4,0x000200f8,
0x000006f4,0x000700f5,0x00000006,0x00001465,
0x000006d9,0x000006eb,0x000006f3,0x000006ed,
0x00050051,0x00000006,0x000006dc,0x000004fe,
0x00000001,0x00050051,0x00000006,0x000006de,
0x0000053a,0x00000001,0x000500b4,0x000000aa,
0x000006fa,0x000006de,0x000000a2,0x000300f7,
0x00000704,0x00000000,0x000400fa,0x000006fa,
0x000006fb,0x000006fd,0x000200f8,0x000006fb,
0x000200f9,0x00000704,0x000200f8,0x000006fd,
0x00050083,0x00000006,0x000006ff,0x0000010a,
0x000006dc,0x00050088,0x00000006,0x00000701,
0x000006ff,0x000006de,0x00050083,0x00000006,
0x00000702,0x0000010a,0x00000701,0x0007000c,
0x00000006,0x00000703,0x00000001,0x00000028,
0x00000702,0x000000a2,0x000200f9,0x00000704,
0x000200f8,0x00000704,0x000700f5,0x00000006,
0x00001466,0x000006de,0x000006fb,0x00000703,
0x000006fd,0x00050051,0x00000006,0x000006e1,
0x000004fe,0x00000002,0x00050051,0x00000006,
0x000006e3,0x0000053a,0x00000002,0x000500b4,
0x000000aa,0x0000070a,0x000006e3,0x000000a2,
0x000300f7,0x00000714,0x00000000,0x000400fa,
0x0000070a,0x0000070b,0x0000070d,0x000200f8,
0x0000070b,0x000200f9,0x00000714,0x000200f8,
0x0000070d,0x00050083,0x00000006,0x0000070f,
0x0000010a,0x000006e1,0x00050088,0x00000006,
0x00000711,0x0000070f,0x000006e3,0x00050083,
0x00000006,0x00000712,0x0000010a,0x00000711,
0x0007000c,0x00000006,0x00000713,0x00000001,
0x00000028,0x00000712,0x000000a2,0x000200f9,
0x00000714,0x000200f8,0x00000714,0x000700f5,
0x00000006,0x00001467,0x000006e3,0x0000070b,
0x00000713,0x0000070d,0x00060050,0x0000000d,
0x000006e5,0x00001465,0x00001466,0x00001467,
0x00060050,0x0000000d,0x00000588,0x0000053e,
0x0000053e,0x0000053e,0x0008000c,0x0000000d,
0x00000589,0x00000001,0x0000002e,0x00000504,
0x000006e5,0x00000588,0x000200f9,0x000006cc,
0x000200f8,0x0000058a,0x000500aa,0x000000aa,
0x0000058c,0x000004e4,0x00000332,0x000500aa,
0x000000aa,0x0000058e,0x000004e4,0x00000335,
0x000500a6,0x000000aa,0x0000058f,0x0000058c,
0x0000058e,0x000300f7,0x0000059a,0x00000000,
0x000400fa,0x0000058f,0x00000590,0x0000059a,
0x000200f8,0x00000590,0x00050081,0x0000000d,
0x00000594,0x00000504,0x00000507,0x00050083,
0x0000000d,0x00000595,0x00000594,0x000002fa,
0x0007000c,0x0000000d,0x00000596,0x00000001,
0x00000028,0x00000595,0x00000288,0x00060050,
0x0000000d,0x00000598,0x0000053e,0x0000053e,
0x0000053e,0x0008000c,0x0000000d,0x00000599,
0x00000001,0x0000002e,0x00000504,0x00000596,
0x00000598,0x000200f9,0x000006cc,0x000200f8,
0x0000059a,0x000500aa,0x000000aa,0x0000059c,
0x000004e4,0x00000345,0x000300f7,0x000005a1,
0x00000000,0x000400fa,0x0000059c,0x0000059d,
0x000005a1,0x000200f8,0x0000059d,0x0007000c,
0x0000000d,0x000005a0,0x00000001,0x00000025,
0x00000504,0x00000507,0x000200f9,0x000006cc,
0x000200f8,0x000005a1,0x000500aa,0x000000aa,
0x000005a3,0x000004e4,0x0000034e,0x000300f7,
0x000005ac,0x00000000,0x000400fa,0x000005a3,
0x000005a4,0x000005ac,0x000200f8,0x000005a4,
0x0007000c,0x0000000d,0x000005a8,0x00000001,
0x00000028,0x00000507,0x00000504,0x00060050,
0x0000000d,0x000005aa,0x0000053e,0x0000053e,
0x0000053e,0x0008000c,0x0000000d,0x000005ab,
0x00000001,0x0000002e,0x00000504,0x000005a8,
0x000005aa,0x000200f9,0x000006cc,0x000200f8,
0x000005ac,0x000500aa,0x000000aa,0x000005ae,
0x000004e4,0x0000035b,0x000300f7,0x000005b7,
0x00000000,0x000400fa,0x000005ae,0x000005af,
0x000005b7,0x000200f8,0x000005af,0x00050083,
0x0000000d,0x0000071a,0x000002fa,0x00000504,
0x00050083,0x0000000d,0x0000071d,0x000002fa,
0x00000507,0x00050085,0x0000000d,0x0000071e,
0x0000071a,0x0000071d,0x00050083,0x0000000d,
0x00000720,0x000002fa,0x0000071e,0x00060050,
0x0000000d,0x000005b5,0x0000053e,0x0000053e,
0x0000053e,0x0008000c,0x0000000d,0x000005b6,
0x00000001,0x0000002e,0x00000504,0x00000720,
0x000005b5,0x000200f9,0x000006cc,0x000200f8,
0x000005b7,0x000500aa,0x000000aa,0x000005b9,
0x000004e4,0x0000036a,0x000300f7,0x000005c2,
0x00000000,0x000400fa,0x000005b9,0x000005ba,
0x000005c2,0x000200f8,0x000005ba,0x00050051,
0x00000006,0x0000072a,0x000004fe,0x00000000,
0x00050051,0x00000006,0x0000072c,0x0000053a,
0x00000000,0x000500b4,0x000000aa,0x0000073d,
0x0000072c,0x0000010a,0x000300f7,0x00000746,
0x00000000,0x000400fa,0x0000073d,0x0000073e,
0x00000740,0x000200f8,0x0000073e,0x000200f9,
0x00000746,0x000200f8,0x00000740,0x00050083,
0x00000006,0x00000743,0x0000010a,0x0000072c,
0x00050088,0x00000006,0x00000744,0x0000072a,
0x00000743,0x0007000c,0x00000006,0x00000745,
0x00000001,0x00000025,0x00000744,0x0000010a,
0x000200f9,0x00000746,0x000200f8,0x00000746,
0x000700f5,0x00000006,0x00001462,0x0000072c,
0x0000073e,0x00000745,0x00000740,0x00050051,
0x00000006,0x0000072f,0x000004fe,0x00000001,
0x00050051,0x00000006,0x00000731,0x0000053a,
0x00000001,0x000500b4,0x000000aa,0x0000074c,
0x00000731,0x0000010a,0x000300f7,0x00000755,
0x00000000,0x000400fa,0x0000074c,0x0000074d,
0x0000074f,0x000200f8,0x0000074d,0x000200f9,
0x00000755,0x000200f8,0x0000074f,0x00050083,
0x00000006,0x00000752,0x0000010a,0x00000731,
0x00050088,0x00000006,0x00000753,0x0000072f,
0x00000752,0x0007000c,0x00000006,0x00000754,
0x00000001,0x00000025,0x00000753,0x0000010a,
0x000200f9,0x00000755,0x000200f8,0x00000755,
0x000700f5,0x00000006,0x00001463,0x00000731,
0x0000074d,0x00000754,0x0000074f,0x00050051,
0x00000006,0x00000734,0x000004fe,0x00000002,
0x00050051,0x00000006,0x00000736,0x0000053a,
0x00000002,0x000500b4,0x000000aa,0x0000075b,
0x00000736,0x0000010a,0x000300f7,0x00000764,
0x00000000,0x000400fa,0x0000075b,0x0000075c,
0x0000075e,0x000200f8,0x0000075c,0x000200f9,
0x00000764,0x000200f8,0x0000075e,0x00050083,
0x00000006,0x00000761,0x0000010a,0x00000736,
0x00050088,0x00000006,0x00000762,0x00000734,
0x00000761,0x0007000c,0x00000006,0x00000763,
0x00000001,0x00000025,0x00000762,0x0000010a,
0x000200f9,0x00000764,0x000200f8,0x00000764,
0x000700f5,0x00000006,0x00001464,0x00000736,
0x0000075c,0x00000763,0x0000075e,0x00060050,
0x0000000d,0x00000738,0x00001462,0x00001463,
0x00001464,0x00060050,0x0000000d,0x000005c0,
0x0000053e,0x0000053e,0x0000053e,0x0008000c,
0x0000000d,0x000005c1,0x00000001,0x0000002e,
0x00000504,0x00000738,0x000005c0,0x000200f9,
0x000006cc,0x000200f8,0x000005c2,0x000500aa,
0x000000aa,0x000005c4,0x000004e4,0x00000379,
0x000300f7,0x000005ce,0x00000000,0x000400fa,
0x000005c4,0x000005c5,0x000005ce,0x000200f8,
0x000005c5,0x00050081,0x0000000d,0x000005c9,
0x00000504,0x00000507,0x0007000c,0x0000000d,
0x000005ca,0x00000001,0x00000025,0x000005c9,
0x000002fa,0x00060050,0x0000000d,0x000005cc,
0x0000053e,0x0000053e,0x0000053e,0x0008000c,
0x0000000d,0x000005cd,0x00000001,0x0000002e,
0x00000504,0x000005ca,0x000005cc,0x000200f9,
0x000006cc,0x000200f8,0x000005ce,0x000500aa,
0x000000aa,0x000005d0,0x000004e4,0x00000387,
0x000300f7,0x000005d5,0x00000000,0x000400fa,
0x000005d0,0x000005d1,0x000005d5,0x000200f8,
0x000005d1,0x0007000c,0x0000000d,0x000005d4,
0x00000001,0x00000028,0x00000504,0x00000507,
0x000200f9,0x000006cc,0x000200f8,0x000005d5,
0x000500aa,0x000000aa,0x000005d7,0x000004e4,
0x00000390,0x000300f7,0x000005e0,0x00000000,
0x000400fa,0x000005d7,0x000005d8,0x000005e0,
0x000200f8,0x000005d8,0x00050083,0x0000000d,
0x0000076a,0x000002fa,0x00000504,0x0005008e,
0x0000000d,0x0000076b,0x0000076a,0x000000bd,
0x00050083,0x0000000d,0x0000076e,0x000002fa,
0x00000507,0x00050085,0x0000000d,0x0000076f,
0x0000076b,0x0000076e,0x00050083,0x0000000d,
0x00000771,0x000002fa,0x0000076f,0x0005008e,
0x0000000d,0x00000773,0x00000504,0x000000bd,
0x00050085,0x0000000d,0x00000775,0x00000773,
0x00000507,0x000500b8,0x000001f6,0x00000777,
0x00000504,0x000001f5,0x000600a9,0x0000000d,
0x00000778,0x00000777,0x00000775,0x00000771,
0x00060050,0x0000000d,0x000005de,0x0000053e,
0x0000053e,0x0000053e,0x0008000c,0x0000000d,
0x000005df,0x00000001,0x0000002e,0x00000504,
0x00000778,0x000005de,0x000200f9,0x000006cc,
0x000200f8,0x000005e0,0x000500aa,0x000000aa,
0x000005e2,0x000004e4,0x0000039f,0x000300f7,
0x000005eb,0x00000000,0x000400fa,0x000005e2,
0x000005e3,0x000005eb,0x000200f8,0x000005e3,
0x00050051,0x00000006,0x00000782,0x000004fe,
0x00000000,0x00050051,0x00000006,0x00000784,
0x0000053a,0x00000000,0x000300f7,0x000007b2,
0x00000000,0x000300fb,0x00000089,0x00000795,
0x000200f8,0x00000795,0x000500b8,0x000000aa,
0x00000797,0x00000784,0x000000a6,0x000300f7,
0x000007a5,0x00000000,0x000400fa,0x00000797,
0x00000798,0x000007a5,0x000200f8,0x00000798,
0x00050085,0x00000006,0x0000079a,0x000000bd,
0x00000782,0x00050085,0x00000006,0x0000079c,
0x0000079a,0x00000784,0x00050085,0x00000006,
0x0000079f,0x00000782,0x00000782,0x00050085,
0x00000006,0x000007a1,0x000000bd,0x00000784,
0x00050083,0x00000006,0x000007a2,0x0000010a,
0x000007a1,0x00050085,0x00000006,0x000007a3,
0x0000079f,0x000007a2,0x00050081,0x00000006,
0x000007a4,0x0000079c,0x000007a3,0x000200f9,
0x000007b2,0x000200f8,0x000007a5,0x0006000c,
0x00000006,0x000007a7,0x00000001,0x0000001f,
0x00000782,0x00050085,0x00000006,0x000007a9,
0x000000bd,0x00000784,0x00050083,0x00000006,
0x000007aa,0x000007a9,0x0000010a,0x00050085,
0x00000006,0x000007ab,0x000007a7,0x000007aa,
0x00050085,0x00000006,0x000007ad,0x000000bd,
0x00000782,0x00050083,0x00000006,0x000007af,
0x0000010a,0x00000784,0x00050085,0x00000006,
0x000007b0,0x000007ad,0x000007af,0x00050081,
0x00000006,0x000007b1,0x000007ab,0x000007b0,
0x000200f9,0x000007b2,0x000200f8,0x000007b2,
0x000700f5,0x00000006,0x0000145f,0x000007a4,
0x00000798,0x000007b1,0x000007a5,0x00050051,
0x00000006,0x00000787,0x000004fe,0x00000001,
0x00050051,0x00000006,0x00000789,0x0000053a,
0x00000001,0x000300f7,0x000007d5,0x00000000,
0x000300fb,0x00000089,0x000007b8,0x000200f8,
0x000007b8,0x000500b8,0x000000aa,0x000007ba,
0x00000789,0x000000a6,0x000300f7,0x000007c8,
0x00000000,0x000400fa,0x000007ba,0x000007bb,
0x000007c8,0x000200f8,0x000007bb,0x00050085,
0x00000006,0x000007bd,0x000000bd,0x00000787,
0x00050085,0x00000006,0x000007bf,0x000007bd,
0x00000789,0x00050085,0x00000006,0x000007c2,
0x00000787,0x00000787,0x00050085,0x00000006,
0x000007c4,0x000000bd,0x00000789,0x00050083,
0x00000006,0x000007c5,0x0000010a,0x000007c4,
0x00050085,0x00000006,0x000007c6,0x000007c2,
0x000007c5,0x00050081,0x00000006,0x000007c7,
0x000007bf,0x000007c6,0x000200f9,0x000007d5,
0x000200f8,0x000007c8,0x0006000c,0x00000006,
0x000007ca,0x00000001,0x0000001f,0x00000787,
0x00050085,0x00000006,0x000007cc,0x000000bd,
0x00000789,0x00050083,0x00000006,0x000007cd,
0x000007cc,0x0000010a,0x00050085,0x00000006,
0x000007ce,0x000007ca,0x000007cd,0x00050085,
0x00000006,0x000007d0,0x000000bd,0x00000787,
0x00050083,0x00000006,0x000007d2,0x0000010a,
0x00000789,0x00050085,0x00000006,0x000007d3,
0x000007d0,0x000007d2,0x00050081,0x00000006,
0x000007d4,0x000007ce,0x000007d3,0x000200f9,
0x000007d5,0x000200f8,0x000007d5,0x000700f5,
0x00000006,0x00001460,0x000007c7,0x000007bb,
0x000007d4,0x000007c8,0x00050051,0x00000006,
0x0000078c,0x000004fe,0x00000002,0x00050051,
0x00000006,0x0000078e,0x0000053a,0x00000002,
0x000300f7,0x000007f8,0x00000000,0x000300fb,
0x00000089,0x000007db,0x000200f8,0x000007db,
0x000500b8,0x000000aa,0x000007dd,0x0000078e,
0x000000a6,0x000300f7,0x000007eb,0x00000000,
0x000400fa,0x000007dd,0x000007de,0x000007eb,
0x000200f8,0x000007de,0x00050085,0x00000006,
0x000007e0,0x000000bd,0x0000078c,0x00050085,
0x00000006,0x000007e2,0x000007e0,0x0000078e,
0x00050085,0x00000006,0x000007e5,0x0000078c,
0x0000078c,0x00050085,0x00000006,0x000007e7,
0x000000bd,0x0000078e,0x00050083,0x00000006,
0x000007e8,0x0000010a,0x000007e7,0x00050085,
0x00000006,0x000007e9,0x000007e5,0x000007e8,
0x00050081,0x00000006,0x000007ea,0x000007e2,
0x000007e9,0x000200f9,0x000007f8,0x000200f8,
0x000007eb,0x0006000c,0x00000006,0x000007ed,
0x00000001,0x0000001f,0x0000078c,0x00050085,
0x00000006,0x000007ef,0x000000bd,0x0000078e,
0x00050083,0x00000006,0x000007f0,0x000007ef,
0x0000010a,0x00050085,0x00000006,0x000007f1,
0x000007ed,0x000007f0,0x00050085,0x00000006,
0x000007f3,0x000000bd,0x0000078c,0x00050083,
0x00000006,0x000007f5,0x0000010a,0x0000078e,
0x00050085,0x00000006,0x000007f6,0x000007f3,
0x000007f5,0x00050081,0x00000006,0x000007f7,
0x000007f1,0x000007f6,0x000200f9,0x000007f8,
0x000200f8,0x000007f8,0x000700f5,0x00000006,
0x00001461,0x000007ea,0x000007de,0x000007f7,
0x000007eb,0x00060050,0x0000000d,0x00000790,
0x0000145f,0x00001460,0x00001461,0x00060050,
0x0000000d,0x000005e9,0x0000053e,0x0000053e,
0x0000053e,0x0008000c,0x0000000d,0x000005ea,
0x00000001,0x0000002e,0x00000504,0x00000790,
0x000005e9,0x000200f9,0x000006cc,0x000200f8,
0x000005eb,0x000500aa,0x000000aa,0x000005ed,
0x000004e4,0x000003ae,0x000300f7,0x000005f6,
0x00000000,0x000400fa,0x000005ed,0x000005ee,
0x000005f6,0x000200f8,0x000005ee,0x00050083,
0x0000000d,0x000007fe,0x000002fa,0x00000507,
0x0005008e,0x0000000d,0x000007ff,0x000007fe,
0x000000bd,0x00050083,0x0000000d,0x00000802,
0x000002fa,0x00000504,0x00050085,0x0000000d,
0x00000803,0x000007ff,0x00000802,0x00050083,
0x0000000d,0x00000805,0x000002fa,0x00000803,
0x0005008e,0x0000000d,0x00000807,0x00000507,
0x000000bd,0x00050085,0x0000000d,0x00000809,
0x00000807,0x00000504,0x000500b8,0x000001f6,
0x0000080b,0x00000507,0x000001f5,0x000600a9,
0x0000000d,0x0000080c,0x0000080b,0x00000809,
0x00000805,0x00060050,0x0000000d,0x000005f4,
0x0000053e,0x0000053e,0x0000053e,0x0008000c,
0x0000000d,0x000005f5,0x00000001,0x0000002e,
0x00000504,0x0000080c,0x000005f4,0x000200f9,
0x000006cc,0x000200f8,0x000005f6,0x000500aa,
0x000000aa,0x000005f8,0x000004e4,0x000003bd,
0x000300f7,0x00000601,0x00000000,0x000400fa,
0x000005f8,0x000005f9,0x00000601,0x000200f8,
0x000005f9,0x0005008e,0x0000000d,0x00000816,
0x00000507,0x000000bd,0x00050051,0x00000006,
0x0000082d,0x000004fe,0x00000000,0x00050051,
0x00000006,0x0000082f,0x00000816,0x00000000,
0x000500b4,0x000000aa,0x00000840,0x0000082f,
0x000000a2,0x000300f7,0x0000084a,0x00000000,
0x000400fa,0x00000840,0x00000841,0x00000843,
0x000200f8,0x00000841,0x000200f9,0x0000084a,
0x000200f8,0x00000843,0x00050083,0x00000006,
0x00000845,0x0000010a,0x0000082d,0x00050088,
0x00000006,0x00000847,0x00000845,0x0000082f,
0x00050083,0x00000006,0x00000848,0x0000010a,
0x00000847,0x0007000c,0x00000006,0x00000849,
0x00000001,0x00000028,0x00000848,0x000000a2,
0x000200f9,0x0000084a,0x000200f8,0x0000084a,
0x000700f5,0x00000006,0x00001459,0x0000082f,
0x00000841,0x00000849,0x00000843,0x00050051,
0x00000006,0x00000832,0x000004fe,0x00000001,
0x00050051,0x00000006,0x00000834,0x00000816,
0x00000001,0x000500b4,0x000000aa,0x00000850,
0x00000834,0x000000a2,0x000300f7,0x0000085a,
0x00000000,0x000400fa,0x00000850,0x00000851,
0x00000853,0x000200f8,0x00000851,0x000200f9,
0x0000085a,0x000200f8,0x00000853,0x00050083,
0x00000006,0x00000855,0x0000010a,0x00000832,
0x00050088,0x00000006,0x00000857,0x00000855,
0x00000834,0x00050083,0x00000006,0x00000858,
0x0000010a,0x00000857,0x0007000c,0x00000006,
0x00000859,0x00000001,0x00000028,0x00000858,
0x000000a2,0x000200f9,0x0000085a,0x000200f8,
0x0000085a,0x000700f5,0x00000006,0x0000145a,
0x00000834,0x00000851,0x00000859,0x00000853,
0x00050051,0x00000006,0x00000837,0x000004fe,
0x00000002,0x00050051,0x00000006,0x00000839,
0x00000816,0x00000002,0x000500b4,0x000000aa,
0x00000860,0x00000839,0x000000a2,0x000300f7,
0x0000086a,0x00000000,0x000400fa,0x00000860,
0x00000861,0x00000863,0x000200f8,0x00000861,
0x000200f9,0x0000086a,0x000200f8,0x00000863,
0x00050083,0x00000006,0x00000865,0x0000010a,
0x00000837,0x00050088,0x00000006,0x00000867,
0x00000865,0x00000839,0x00050083,0x00000006,
0x00000868,0x0000010a,0x00000867,0x0007000c,
0x00000006,0x00000869,0x00000001,0x00000028,
0x00000868,0x000000a2,0x000200f9,0x0000086a,
0x000200f8,0x0000086a,0x000700f5,0x00000006,
0x0000145b,0x00000839,0x00000861,0x00000869,
0x00000863,0x00060050,0x0000000d,0x0000083b,
0x00001459,0x0000145a,0x0000145b,0x00050083,
0x0000000d,0x0000081b,0x00000507,0x000001f5,
0x0005008e,0x0000000d,0x0000081c,0x0000081b,
0x000000bd,0x00050051,0x00000006,0x00000877,
0x0000081c,0x00000000,0x000500b4,0x000000aa,
0x00000888,0x00000877,0x0000010a,0x000300f7,
0x00000891,0x00000000,0x000400fa,0x00000888,
0x00000889,0x0000088b,0x000200f8,0x00000889,
0x000200f9,0x00000891,0x000200f8,0x0000088b,
0x00050083,0x00000006,0x0000088e,0x0000010a,
0x00000877,0x00050088,0x00000006,0x0000088f,
0x0000082d,0x0000088e,0x0007000c,0x00000006,
0x00000890,0x00000001,0x00000025,0x0000088f,
0x0000010a,0x000200f9,0x00000891,0x000200f8,
0x00000891,0x000700f5,0x00000006,0x0000145c,
0x00000877,0x00000889,0x00000890,0x0000088b,
0x00050051,0x00000006,0x0000087c,0x0000081c,
0x00000001,0x000500b4,0x000000aa,0x00000897,
0x0000087c,0x0000010a,0x000300f7,0x000008a0,
0x00000000,0x000400fa,0x00000897,0x00000898,
0x0000089a,0x000200f8,0x00000898,0x000200f9,
0x000008a0,0x000200f8,0x0000089a,0x00050083,
0x00000006,0x0000089d,0x0000010a,0x0000087c,
0x00050088,0x00000006,0x0000089e,0x00000832,
0x0000089d,0x0007000c,0x00000006,0x0000089f,
0x00000001,0x00000025,0x0000089e,0x0000010a,
0x000200f9,0x000008a0,0x000200f8,0x000008a0,
0x000700f5,0x00000006,0x0000145d,0x0000087c,
0x00000898,0x0000089f,0x0000089a,0x00050051,
0x00000006,0x00000881,0x0000081c,0x00000002,
0x000500b4,0x000000aa,0x000008a6,0x00000881,
0x0000010a,0x000300f7,0x000008af,0x00000000,
0x000400fa,0x000008a6,0x000008a7,0x000008a9,
0x000200f8,0x000008a7,0x000200f9,0x000008af,
0x000200f8,0x000008a9,0x00050083,0x00000006,
0x000008ac,0x0000010a,0x00000881,0x00050088,
0x00000006,0x000008ad,0x00000837,0x000008ac,
0x0007000c,0x00000006,0x000008ae,0x00000001,
0x00000025,0x000008ad,0x0000010a,0x000200f9,
0x000008af,0x000200f8,0x000008af,0x000700f5,
0x00000006,0x0000145e,0x00000881,0x000008a7,
0x000008ae,0x000008a9,0x00060050,0x0000000d,
0x00000883,0x0000145c,0x0000145d,0x0000145e,
0x000500b8,0x000001f6,0x00000822,0x00000507,
0x000001f5,0x000600a9,0x0000000d,0x00000823,
0x00000822,0x0000083b,0x00000883,0x00060050,
0x0000000d,0x000005ff,0x0000053e,0x0000053e,
0x0000053e,0x0008000c,0x0000000d,0x00000600,
0x00000001,0x0000002e,0x00000504,0x00000823,
0x000005ff,0x000200f9,0x000006cc,0x000200f8,
0x00000601,0x000500aa,0x000000aa,0x00000603,
0x000004e4,0x000003cc,0x000300f7,0x0000060c,
0x00000000,0x000400fa,0x00000603,0x00000604,
0x0000060c,0x000200f8,0x00000604,0x0005008e,
0x0000000d,0x000008b7,0x00000507,0x000000bd,
0x00050081,0x0000000d,0x000008b8,0x00000504,
0x000008b7,0x00050083,0x0000000d,0x000008ba,
0x000008b8,0x000002fa,0x0007000c,0x0000000d,
0x000008bb,0x00000001,0x00000028,0x000008ba,
0x00000288,0x00050083,0x0000000d,0x000008bf,
0x00000507,0x000001f5,0x0005008e,0x0000000d,
0x000008c0,0x000008bf,0x000000bd,0x00050081,
0x0000000d,0x000008c1,0x00000504,0x000008c0,
0x000500b8,0x000001f6,0x000008c5,0x00000507,
0x000001f5,0x000600a9,0x0000000d,0x000008c6,
0x000008c5,0x000008bb,0x000008c1,0x00060050,
0x0000000d,0x0000060a,0x0000053e,0x0000053e,
0x0000053e,0x0008000c,0x0000000d,0x0000060b,
0x00000001,0x0000002e,0x00000504,0x000008c6,
0x0000060a,0x000200f9,0x000006cc,0x000200f8,
0x0000060c,0x000500aa,0x000000aa,0x0000060e,
0x000004e4,0x000003db,0x000300f7,0x00000617,
0x00000000,0x000400fa,0x0000060e,0x0000060f,
0x00000617,0x000200f8,0x0000060f,0x0005008e,
0x0000000d,0x000008cc,0x00000507,0x000000bd,
0x0007000c,0x0000000d,0x000008ce,0x00000001,
0x00000025,0x000008cc,0x00000504,0x00050083,
0x0000000d,0x000008d1,0x00000507,0x000001f5,
0x0005008e,0x0000000d,0x000008d2,0x000008d1,
0x000000bd,0x0007000c,0x0000000d,0x000008d4,
0x00000001,0x00000028,0x000008d2,0x00000504,
0x000500b8,0x000001f6,0x000008d8,0x00000507,
0x000001f5,0x000600a9,0x0000000d,0x000008d9,
0x000008d8,0x000008ce,0x000008d4,0x00060050,
0x0000000d,0x00000615,0x0000053e,0x0000053e,
0x0000053e,0x0008000c,0x0000000d,0x00000616,
0x00000001,0x0000002e,0x00000504,0x000008d9,
0x00000615,0x000200f9,0x000006cc,0x000200f8,
0x00000617,0x000500aa,0x000000aa,0x00000619,
0x000004e4,0x000003ea,0x000300f7,0x00000622,
0x00000000,0x000400fa,0x00000619,0x0000061a,
0x00000622,0x000200f8,0x0000061a,0x0005008e,
0x0000000d,0x000008eb,0x00000507,0x000000bd,
0x00050051,0x00000006,0x00000902,0x000004fe,
0x00000000,0x00050051,0x00000006,0x00000904,
0x000008eb,0x00000000,0x000500b4,0x000000aa,
0x00000915,0x00000904,0x000000a2,0x000300f7,
0x0000091f,0x00000000,0x000400fa,0x00000915,
0x00000916,0x00000918,0x000200f8,0x00000916,
0x000200f9,0x0000091f,0x000200f8,0x00000918,
0x00050083,0x00000006,0x0000091a,0x0000010a,
0x00000902,0x00050088,0x00000006,0x0000091c,
0x0000091a,0x00000904,0x00050083,0x00000006,
0x0000091d,0x0000010a,0x0000091c,0x0007000c,
0x00000006,0x0000091e,0x00000001,0x00000028,
0x0000091d,0x000000a2,0x000200f9,0x0000091f,
0x000200f8,0x0000091f,0x000700f5,0x00000006,
0x00001453,0x00000904,0x00000916,0x0000091e,
0x00000918,0x00050051,0x00000006,0x00000907,
0x000004fe,0x00000001,0x00050051,0x00000006,
0x00000909,0x000008eb,0x00000001,0x000500b4,
0x000000aa,0x00000925,0x00000909,0x000000a2,
0x000300f7,0x0000092f,0x00000000,0x000400fa,
0x00000925,0x00000926,0x00000928,0x000200f8,
0x00000926,0x000200f9,0x0000092f,0x000200f8,
0x00000928,0x00050083,0x00000006,0x0000092a,
0x0000010a,0x00000907,0x00050088,0x00000006,
0x0000092c,0x0000092a,0x00000909,0x00050083,
0x00000006,0x0000092d,0x0000010a,0x0000092c,
0x0007000c,0x00000006,0x0000092e,0x00000001,
0x00000028,0x0000092d,0x000000a2,0x000200f9,
0x0000092f,0x000200f8,0x0000092f,0x000700f5,
0x00000006,0x00001454,0x00000909,0x00000926,
0x0000092e,0x00000928,0x00050051,0x00000006,
0x0000090c,0x000004fe,0x00000002,0x00050051,
0x00000006,0x0000090e,0x000008eb,0x00000002,
0x000500b4,0x000000aa,0x00000935,0x0000090e,
0x000000a2,0x000300f7,0x0000093f,0x00000000,
0x000400fa,0x00000935,0x00000936,0x00000938,
0x000200f8,0x00000936,0x000200f9,0x0000093f,
0x000200f8,0x00000938,0x00050083,0x00000006,
0x0000093a,0x0000010a,0x0000090c,0x00050088,
0x00000006,0x0000093c,0x0000093a,0x0000090e,
0x00050083,0x00000006,0x0000093d,0x0000010a,
0x0000093c,0x0007000c,0x00000006,0x0000093e,
0x00000001,0x00000028,0x0000093d,0x000000a2,
0x000200f9,0x0000093f,0x000200f8,0x0000093f,
0x000700f5,0x00000006,0x00001455,0x0000090e,
0x00000936,0x0000093e,0x00000938,0x00060050,
0x0000000d,0x00000910,0x00001453,0x00001454,
0x00001455,0x00050083,0x0000000d,0x000008f0,
0x00000507,0x000001f5,0x0005008e,0x0000000d,
0x000008f1,0x000008f0,0x000000bd,0x00050051,
0x00000006,0x0000094c,0x000008f1,0x00000000,
0x000500b4,0x000000aa,0x0000095d,0x0000094c,
0x0000010a,0x000300f7,0x00000966,0x00000000,
0x000400fa,0x0000095d,0x0000095e,0x00000960,
0x000200f8,0x0000095e,0x000200f9,0x00000966,
0x000200f8,0x00000960,0x00050083,0x00000006,
0x00000963,0x0000010a,0x0000094c,0x00050088,
0x00000006,0x00000964,0x00000902,0x00000963,
0x0007000c,0x00000006,0x00000965,0x00000001,
0x00000025,0x00000964,0x0000010a,0x000200f9,
0x00000966,0x000200f8,0x00000966,0x000700f5,
0x00000006,0x00001456,0x0000094c,0x0000095e,
0x00000965,0x00000960,0x00050051,0x00000006,
0x00000951,0x000008f1,0x00000001,0x000500b4,
0x000000aa,0x0000096c,0x00000951,0x0000010a,
0x000300f7,0x00000975,0x00000000,0x000400fa,
0x0000096c,0x0000096d,0x0000096f,0x000200f8,
0x0000096d,0x000200f9,0x00000975,0x000200f8,
0x0000096f,0x00050083,0x00000006,0x00000972,
0x0000010a,0x00000951,0x00050088,0x00000006,
0x00000973,0x00000907,0x00000972,0x0007000c,
0x00000006,0x00000974,0x00000001,0x00000025,
0x00000973,0x0000010a,0x000200f9,0x00000975,
0x000200f8,0x00000975,0x000700f5,0x00000006,
0x00001457,0x00000951,0x0000096d,0x00000974,
0x0000096f,0x00050051,0x00000006,0x00000956,
0x000008f1,0x00000002,0x000500b4,0x000000aa,
0x0000097b,0x00000956,0x0000010a,0x000300f7,
0x00000984,0x00000000,0x000400fa,0x0000097b,
0x0000097c,0x0000097e,0x000200f8,0x0000097c,
0x000200f9,0x00000984,0x000200f8,0x0000097e,
0x00050083,0x00000006,0x00000981,0x0000010a,
0x00000956,0x00050088,0x00000006,0x00000982,
0x0000090c,0x00000981,0x0007000c,0x00000006,
0x00000983,0x00000001,0x00000025,0x00000982,
0x0000010a,0x000200f9,0x00000984,0x000200f8,
0x00000984,0x000700f5,0x00000006,0x00001458,
0x00000956,0x0000097c,0x00000983,0x0000097e,
0x00060050,0x0000000d,0x00000958,0x00001456,
0x00001457,0x00001458,0x000500b8,0x000001f6,
0x000008f7,0x00000507,0x000001f5,0x000600a9,
0x0000000d,0x000008f8,0x000008f7,0x00000910,
0x00000958,0x0007000c,0x0000000d,0x000008e1,
0x00000001,0x00000030,0x000001f5,0x000008f8,
0x00060050,0x0000000d,0x00000620,0x0000053e,
0x0000053e,0x0000053e,0x0008000c,0x0000000d,
0x00000621,0x00000001,0x0000002e,0x00000504,
0x000008e1,0x00000620,0x000200f9,0x000006cc,
0x000200f8,0x00000622,0x000500aa,0x000000aa,
0x00000624,0x000004e4,0x000003f9,0x000300f7,
0x0000062e,0x00000000,0x000400fa,0x00000624,
0x00000625,0x0000062e,0x000200f8,0x00000625,
0x00050083,0x0000000d,0x00000629,0x00000504,
0x00000507,0x0006000c,0x0000000d,0x0000062a,
0x00000001,0x00000004,0x00000629,0x00060050,
0x0000000d,0x0000062c,0x0000053e,0x0000053e,
0x0000053e,0x0008000c,0x0000000d,0x0000062d,
0x00000001,0x0000002e,0x00000504,0x0000062a,
0x0000062c,0x000200f9,0x000006cc,0x000200f8,
0x0000062e,0x000500aa,0x000000aa,0x00000630,
0x000004e4,0x00000407,0x000300f7,0x0000063e,
0x00000000,0x000400fa,0x00000630,0x00000631,
0x0000063e,0x000200f8,0x00000631,0x00050081,
0x0000000d,0x00000635,0x00000504,0x00000507,
0x0005008e,0x0000000d,0x00000637,0x00000504,
0x000000bd,0x00050085,0x0000000d,0x00000639,
0x00000637,0x00000507,0x00050083,0x0000000d,
0x0000063a,0x00000635,0x00000639,0x00060050,
0x0000000d,0x0000063c,0x0000053e,0x0000053e,
0x0000053e,0x0008000c,0x0000000d,0x0000063d,
0x00000001,0x0000002e,0x00000504,0x0000063a,
0x0000063c,0x000200f9,0x000006cc,0x000200f8,
0x0000063e,0x000500aa,0x000000aa,0x00000640,
0x000004e4,0x00000419,0x000300f7,0x00000649,
0x00000000,0x000400fa,0x00000640,0x00000641,
0x00000649,0x000200f8,0x00000641,0x00050051,
0x00000006,0x0000098f,0x000004fe,0x00000000,
0x00050051,0x00000006,0x00000991,0x0000053a,
0x00000000,0x000500b4,0x000000aa,0x000009a2,
0x00000991,0x0000010a,0x000300f7,0x000009ad,
0x00000000,0x000400fa,0x000009a2,0x000009a3,
0x000009a5,0x000200f8,0x000009a3,0x000200f9,
0x000009ad,0x000200f8,0x000009a5,0x00050085,
0x00000006,0x000009a8,0x0000098f,0x0000098f,
0x00050083,0x00000006,0x000009aa,0x0000010a,
0x00000991,0x00050088,0x00000006,0x000009ab,
0x000009a8,0x000009aa,0x0007000c,0x00000006,
0x000009ac,0x00000001,0x00000025,0x000009ab,
0x0000010a,0x000200f9,0x000009ad,0x000200f8,
0x000009ad,0x000700f5,0x00000006,0x00001450,
0x00000991,0x000009a3,0x000009ac,0x000009a5,
0x00050051,0x00000006,0x00000994,0x000004fe,
0x00000001,0x00050051,0x00000006,0x00000996,
0x0000053a,0x00000001,0x000500b4,0x000000aa,
0x000009b3,0x00000996,0x0000010a,0x000300f7,
0x000009be,0x00000000,0x000400fa,0x000009b3,
0x000009b4,0x000009b6,0x000200f8,0x000009b4,
0x000200f9,0x000009be,0x000200f8,0x000009b6,
0x00050085,0x00000006,0x000009b9,0x00000994,
0x00000994,0x00050083,0x00000006,0x000009bb,
0x0000010a,0x00000996,0x00050088,0x00000006,
0x000009bc,0x000009b9,0x000009bb,0x0007000c,
0x00000006,0x000009bd,0x00000001,0x00000025,
0x000009bc,0x0000010a,0x000200f9,0x000009be,
0x000200f8,0x000009be,0x000700f5,0x00000006,
0x00001451,0x00000996,0x000009b4,0x000009bd,
0x000009b6,0x00050051,0x00000006,0x00000999,
0x000004fe,0x00000002,0x00050051,0x00000006,
0x0000099b,0x0000053a,0x00000002,0x000500b4,
0x000000aa,0x000009c4,0x0000099b,0x0000010a,
0x000300f7,0x000009cf,0x00000000,0x000400fa,
0x000009c4,0x000009c5,0x000009c7,0x000200f8,
0x000009c5,0x000200f9,0x000009cf,0x000200f8,
0x000009c7,0x00050085,0x00000006,0x000009ca,
0x00000999,0x00000999,0x00050083,0x00000006,
0x000009cc,0x0000010a,0x0000099b,0x00050088,
0x00000006,0x000009cd,0x000009ca,0x000009cc,
0x0007000c,0x00000006,0x000009ce,0x00000001,
0x00000025,0x000009cd,0x0000010a,0x000200f9,
0x000009cf,0x000200f8,0x000009cf,0x000700f5,
0x00000006,0x00001452,0x0000099b,0x000009c5,
0x000009ce,0x000009c7,0x00060050,0x0000000d,
0x0000099d,0x00001450,0x00001451,0x00001452,
0x00060050,0x0000000d,0x00000647,0x0000053e,
0x0000053e,0x0000053e,0x0008000c,0x0000000d,
0x00000648,0x00000001,0x0000002e,0x00000504,
0x0000099d,0x00000647,0x000200f9,0x000006cc,
0x000200f8,0x00000649,0x000500aa,0x000000aa,
0x0000064b,0x000004e4,0x00000428,0x000300f7,
0x00000654,0x00000000,0x000400fa,0x0000064b,
0x0000064c,0x00000654,0x000200f8,0x0000064c,
0x00050051,0x00000006,0x000009da,0x0000053a,
0x00000000,0x00050051,0x00000006,0x000009dc,
0x000004fe,0x00000000,0x000500b4,0x000000aa,
0x000009ed,0x000009dc,0x0000010a,0x000300f7,
0x000009f8,0x00000000,0x000400fa,0x000009ed,
0x000009ee,0x000009f0,0x000200f8,0x000009ee,
0x000200f9,0x000009f8,0x000200f8,0x000009f0,
0x00050085,0x00000006,0x000009f3,0x000009da,
0x000009da,0x00050083,0x00000006,0x000009f5,
0x0000010a,0x000009dc,0x00050088,0x00000006,
0x000009f6,0x000009f3,0x000009f5,0x0007000c,
0x00000006,0x000009f7,0x00000001,0x00000025,
0x000009f6,0x0000010a,0x000200f9,0x000009f8,
0x000200f8,0x000009f8,0x000700f5,0x00000006,
0x0000144d,0x000009dc,0x000009ee,0x000009f7,
0x000009f0,0x00050051,0x00000006,0x000009df,
0x0000053a,0x00000001,0x00050051,0x00000006,
0x000009e1,0x000004fe,0x00000001,0x000500b4,
0x000000aa,0x000009fe,0x000009e1,0x0000010a,
0x000300f7,0x00000a09,0x00000000,0x000400fa,
0x000009fe,0x000009ff,0x00000a01,0x000200f8,
0x000009ff,0x000200f9,0x00000a09,0x000200f8,
0x00000a01,0x00050085,0x00000006,0x00000a04,
0x000009df,0x000009df,0x00050083,0x00000006,
0x00000a06,0x0000010a,0x000009e1,0x00050088,
0x00000006,0x00000a07,0x00000a04,0x00000a06,
0x0007000c,0x00000006,0x00000a08,0x00000001,
0x00000025,0x00000a07,0x0000010a,0x000200f9,
0x00000a09,0x000200f8,0x00000a09,0x000700f5,
0x00000006,0x0000144e,0x000009e1,0x000009ff,
0x00000a08,0x00000a01,0x00050051,0x00000006,
0x000009e4,0x0000053a,0x00000002,0x00050051,
0x00000006,0x000009e6,0x000004fe,0x00000002,
0x000500b4,0x000000aa,0x00000a0f,0x000009e6,
0x0000010a,0x000300f7,0x00000a1a,0x00000000,
0x000400fa,0x00000a0f,0x00000a10,0x00000a12,
0x000200f8,0x00000a10,0x000200f9,0x00000a1a,
0x000200f8,0x00000a12,0x00050085,0x00000006,
0x00000a15,0x000009e4,0x000009e4,0x00050083,
0x00000006,0x00000a17,0x0000010a,0x000009e6,
0x00050088,0x00000006,0x00000a18,0x00000a15,
0x00000a17,0x0007000c,0x00000006,0x00000a19,
0x00000001,0x00000025,0x00000a18,0x0000010a,
0x000200f9,0x00000a1a,0x000200f8,0x00000a1a,
0x000700f5,0x00000006,0x0000144f,0x000009e6,
0x00000a10,0x00000a19,0x00000a12,0x00060050,
0x0000000d,0x000009e8,0x0000144d,0x0000144e,
0x0000144f,0x00060050,0x0000000d,0x00000652,
0x0000053e,0x0000053e,0x0000053e,0x0008000c,
0x0000000d,0x00000653,0x00000001,0x0000002e,
0x00000504,0x000009e8,0x00000652,0x000200f9,
0x000006cc,0x000200f8,0x00000654,0x000500aa,
0x000000aa,0x00000656,0x000004e4,0x00000437,
0x000300f7,0x0000065f,0x00000000,0x000400fa,
0x00000656,0x00000657,0x0000065f,0x000200f8,
0x00000657,0x0007000c,0x0000000d,0x00000a20,
0x00000001,0x00000025,0x00000504,0x00000507,
0x0007000c,0x0000000d,0x00000a23,0x00000001,
0x00000028,0x00000504,0x00000507,0x00050083,
0x0000000d,0x00000a24,0x00000a20,0x00000a23,
0x00050081,0x0000000d,0x00000a25,0x00000a24,
0x000002fa,0x00060050,0x0000000d,0x0000065d,
0x0000053e,0x0000053e,0x0000053e,0x0008000c,
0x0000000d,0x0000065e,0x00000001,0x0000002e,
0x00000504,0x00000a25,0x0000065d,0x000200f9,
0x000006cc,0x000200f8,0x0000065f,0x000500aa,
0x000000aa,0x00000661,0x000004e4,0x00000446,
0x000300f7,0x0000066b,0x00000000,0x000400fa,
0x00000661,0x00000662,0x0000066b,0x000200f8,
0x00000662,0x00050081,0x0000000d,0x00000666,
0x00000504,0x00000507,0x0005008e,0x0000000d,
0x00000667,0x00000666,0x000000a6,0x00060050,
0x0000000d,0x00000669,0x0000053e,0x0000053e,
0x0000053e,0x0008000c,0x0000000d,0x0000066a,
0x00000001,0x0000002e,0x00000504,0x00000667,
0x00000669,0x000200f9,0x000006cc,0x000200f8,
0x0000066b,0x000500aa,0x000000aa,0x0000066d,
0x000004e4,0x00000454,0x000300f7,0x00000679,
0x00000000,0x000400fa,0x0000066d,0x0000066e,
0x00000679,0x000200f8,0x0000066e,0x00050083,
0x0000000d,0x00000671,0x000002fa,0x00000504,
0x00050083,0x0000000d,0x00000673,0x00000671,
0x00000507,0x0006000c,0x0000000d,0x00000674,
0x00000001,0x00000004,0x00000673,0x00050083,
0x0000000d,0x00000675,0x000002fa,0x00000674,
0x00060050,0x0000000d,0x00000677,0x0000053e,
0x0000053e,0x0000053e,0x0008000c,0x0000000d,
0x00000678,0x00000001,0x0000002e,0x00000504,
0x00000675,0x00000677,0x000200f9,0x000006cc,
0x000200f8,0x00000679,0x000500aa,0x000000aa,
0x0000067b,0x000004e4,0x00000464,0x000300f7,
0x00000684,0x00000000,0x000400fa,0x0000067b,
0x0000067c,0x00000684,0x000200f8,0x0000067c,
0x000300f7,0x00000ac2,0x00000000,0x000300fb,
0x00000089,0x00000a43,0x000200f8,0x00000a43,
0x00050051,0x00000006,0x00000a45,0x000004fe,
0x00000000,0x00050051,0x00000006,0x00000a47,
0x000004fe,0x00000001,0x0007000c,0x00000006,
0x00000a48,0x00000001,0x00000025,0x00000a45,
0x00000a47,0x00050051,0x00000006,0x00000a4a,
0x000004fe,0x00000002,0x0007000c,0x00000006,
0x00000a4b,0x00000001,0x00000025,0x00000a48,
0x00000a4a,0x0007000c,0x00000006,0x00000a50,
0x00000001,0x00000028,0x00000a45,0x00000a47,
0x0007000c,0x00000006,0x00000a53,0x00000001,
0x00000028,0x00000a50,0x00000a4a,0x00050083,
0x00000006,0x00000a56,0x00000a53,0x00000a4b,
0x00050081,0x00000006,0x00000a59,0x00000a53,
0x00000a4b,0x00050085,0x00000006,0x00000a5a,
0x00000a59,0x000000a6,0x00060050,0x0000000d,
0x00000a5b,0x000000a2,0x000000a2,0x00000a5a,
0x000500b4,0x000000aa,0x00000a5d,0x00000a56,
0x000000a2,0x000300f7,0x00000a60,0x00000000,
0x000400fa,0x00000a5d,0x00000a5e,0x00000a60,
0x000200f8,0x00000a5e,0x000200f9,0x00000ac2,
0x000200f8,0x00000a60,0x000500b8,0x000000aa,
0x00000a63,0x00000a5a,0x000000a6,0x000300f7,
0x00000a71,0x00000000,0x000400fa,0x00000a63,
0x00000a64,0x00000a6a,0x000200f8,0x00000a64,
0x00050088,0x00000006,0x00000a69,0x00000a56,
0x00000a59,0x000200f9,0x00000a71,0x000200f8,
0x00000a6a,0x00050083,0x00000006,0x00000a6d,
0x000000bd,0x00000a53,0x00050083,0x00000006,
0x00000a6f,0x00000a6d,0x00000a4b,0x00050088,
0x00000006,0x00000a70,0x00000a56,0x00000a6f,
0x000200f9,0x00000a71,0x000200f8,0x00000a71,
0x000700f5,0x00000006,0x00001434,0x00000a69,
0x00000a64,0x00000a70,0x00000a6a,0x00060052,
0x0000000d,0x000012d1,0x00001434,0x00000a5b,
0x00000001,0x00050083,0x00000006,0x00000a77,
0x00000a53,0x00000a45,0x00050085,0x00000006,
0x00000a78,0x00000a77,0x00001469,0x00050085,
0x00000006,0x00000a7a,0x00000a56,0x000000a6,
0x00050081,0x00000006,0x00000a7b,0x00000a78,
0x00000a7a,0x00050088,0x00000006,0x00000a7d,
0x00000a7b,0x00000a56,0x00050083,0x00000006,
0x00000a81,0x00000a53,0x00000a47,0x00050085,
0x00000006,0x00000a82,0x00000a81,0x00001469,
0x00050081,0x00000006,0x00000a85,0x00000a82,
0x00000a7a,0x00050088,0x00000006,0x00000a87,
0x00000a85,0x00000a56,0x00050083,0x00000006,
0x00000a8b,0x00000a53,0x00000a4a,0x00050085,
0x00000006,0x00000a8c,0x00000a8b,0x00001469,
0x00050081,0x00000006,0x00000a8f,0x00000a8c,
0x00000a7a,0x00050088,0x00000006,0x00000a91,
0x00000a8f,0x00000a56,0x000500b4,0x000000aa,
0x00000a95,0x00000a45,0x00000a53,0x000300f7,
0x00000aad,0x00000000,0x000400fa,0x00000a95,
0x00000a96,0x00000a9b,0x000200f8,0x00000a96,
0x00050083,0x00000006,0x00000a99,0x00000a91,
0x00000a87,0x00060052,0x0000000d,0x000012d7,
0x00000a99,0x000012d1,0x00000000,0x000200f9,
0x00000aad,0x000200f8,0x00000a9b,0x000500b4,
0x000000aa,0x00000a9f,0x00000a47,0x00000a53,
0x000300f7,0x00000aac,0x00000000,0x000400fa,
0x00000a9f,0x00000aa0,0x00000aa6,0x000200f8,
0x00000aa0,0x00050081,0x00000006,0x00000aa2,
0x000000f8,0x00000a7d,0x00050083,0x00000006,
0x00000aa4,0x00000aa2,0x00000a91,0x00060052,
0x0000000d,0x000012da,0x00000aa4,0x000012d1,
0x00000000,0x000200f9,0x00000aac,0x000200f8,
0x00000aa6,0x00050081,0x00000006,0x00000aa8,
0x000000ff,0x00000a87,0x00050083,0x00000006,
0x00000aaa,0x00000aa8,0x00000a7d,0x00060052,
0x0000000d,0x000012dc,0x00000aaa,0x000012d1,
0x00000000,0x000200f9,0x00000aac,0x000200f8,
0x00000aac,0x000700f5,0x0000000d,0x00001437,
0x000012da,0x00000aa0,0x000012dc,0x00000aa6,
0x000200f9,0x00000aad,0x000200f8,0x00000aad,
0x000700f5,0x0000000d,0x00001436,0x000012d7,
0x00000a96,0x00001437,0x00000aac,0x000200f9,
0x00000ac2,0x000200f8,0x00000ac2,0x000700f5,
0x0000000d,0x0000143a,0x00000a5b,0x00000a5e,
0x00001436,0x00000aad,0x000300f7,0x00000b4f,
0x00000000,0x000300fb,0x00000089,0x00000ad0,
0x000200f8,0x00000ad0,0x00050051,0x00000006,
0x00000ad2,0x0000053a,0x00000000,0x00050051,
0x00000006,0x00000ad4,0x0000053a,0x00000001,
0x0007000c,0x00000006,0x00000ad5,0x00000001,
0x00000025,0x00000ad2,0x00000ad4,0x00050051,
0x00000006,0x00000ad7,0x0000053a,0x00000002,
0x0007000c,0x00000006,0x00000ad8,0x00000001,
0x00000025,0x00000ad5,0x00000ad7,0x0007000c,
0x00000006,0x00000add,0x00000001,0x00000028,
0x00000ad2,0x00000ad4,0x0007000c,0x00000006,
0x00000ae0,0x00000001,0x00000028,0x00000add,
0x00000ad7,0x00050083,0x00000006,0x00000ae3,
0x00000ae0,0x00000ad8,0x00050081,0x00000006,
0x00000ae6,0x00000ae0,0x00000ad8,0x00050085,
0x00000006,0x00000ae7,0x00000ae6,0x000000a6,
0x00060050,0x0000000d,0x00000ae8,0x000000a2,
0x000000a2,0x00000ae7,0x000500b4,0x000000aa,
0x00000aea,0x00000ae3,0x000000a2,0x000300f7,
0x00000aed,0x00000000,0x000400fa,0x00000aea,
0x00000aeb,0x00000aed,0x000200f8,0x00000aeb,
0x000200f9,0x00000b4f,0x000200f8,0x00000aed,
0x00050083,0x00000006,0x00000b04,0x00000ae0,
0x00000ad2,0x00050085,0x00000006,0x00000b05,
0x00000b04,0x00001469,0x00050085,0x00000006,
0x00000b07,0x00000ae3,0x000000a6,0x00050081,
0x00000006,0x00000b08,0x00000b05,0x00000b07,
0x00050088,0x00000006,0x00000b0a,0x00000b08,
0x00000ae3,0x00050083,0x00000006,0x00000b0e,
0x00000ae0,0x00000ad4,0x00050085,0x00000006,
0x00000b0f,0x00000b0e,0x00001469,0x00050081,
0x00000006,0x00000b12,0x00000b0f,0x00000b07,
0x00050088,0x00000006,0x00000b14,0x00000b12,
0x00000ae3,0x00050083,0x00000006,0x00000b18,
0x00000ae0,0x00000ad7,0x00050085,0x00000006,
0x00000b19,0x00000b18,0x00001469,0x00050081,
0x00000006,0x00000b1c,0x00000b19,0x00000b07,
0x00050088,0x00000006,0x00000b1e,0x00000b1c,
0x00000ae3,0x000500b4,0x000000aa,0x00000b22,
0x00000ad2,0x00000ae0,0x000300f7,0x00000b3a,
0x00000000,0x000400fa,0x00000b22,0x00000b23,
0x00000b28,0x000200f8,0x00000b23,0x00050083,
0x00000006,0x00000b26,0x00000b1e,0x00000b14,
0x00060052,0x0000000d,0x000012f3,0x00000b26,
0x0000146d,0x00000000,0x000200f9,0x00000b3a,
0x000200f8,0x00000b28,0x000500b4,0x000000aa,
0x00000b2c,0x00000ad4,0x00000ae0,0x000300f7,
0x00000b39,0x00000000,0x000400fa,0x00000b2c,
0x00000b2d,0x00000b33,0x000200f8,0x00000b2d,
0x00050081,0x00000006,0x00000b2f,0x000000f8,
0x00000b0a,0x00050083,0x00000006,0x00000b31,
0x00000b2f,0x00000b1e,0x00060052,0x0000000d,
0x000012f6,0x00000b31,0x0000146d,0x00000000,
0x000200f9,0x00000b39,0x000200f8,0x00000b33,
0x00050081,0x00000006,0x00000b35,0x000000ff,
0x00000b14,0x00050083,0x00000006,0x00000b37,
0x00000b35,0x00000b0a,0x00060052,0x0000000d,
0x000012f8,0x00000b37,0x0000146d,0x00000000,
0x000200f9,0x00000b39,0x000200f8,0x00000b39,
0x000700f5,0x0000000d,0x0000143e,0x000012f6,
0x00000b2d,0x000012f8,0x00000b33,0x000200f9,
0x00000b3a,0x000200f8,0x00000b3a,0x000700f5,
0x0000000d,0x0000143d,0x000012f3,0x00000b23,
0x0000143e,0x00000b39,0x00050051,0x00000006,
0x00000b3c,0x0000143d,0x00000000,0x000500b8,
0x000000aa,0x00000b3d,0x00000b3c,0x000000a2,
0x000300f7,0x00000b4d,0x00000000,0x000400fa,
0x00000b3d,0x00000b3e,0x00000b43,0x000200f8,
0x00000b3e,0x00050081,0x00000006,0x00000b41,
0x00000b3c,0x0000010a,0x00060052,0x0000000d,
0x000012fc,0x00000b41,0x0000146d,0x00000000,
0x000200f9,0x00000b4d,0x000200f8,0x00000b43,
0x000500ba,0x000000aa,0x00000b46,0x00000b3c,
0x0000010a,0x000300f7,0x00000b4c,0x00000000,
0x000400fa,0x00000b46,0x00000b47,0x00000b4c,
0x000200f8,0x00000b47,0x00050083,0x00000006,
0x00000b4a,0x00000b3c,0x0000010a,0x00060052,
0x0000000d,0x00001300,0x00000b4a,0x0000146d,
0x00000000,0x000200f9,0x00000b4c,0x000200f8,
0x00000b4c,0x000700f5,0x0000000d,0x00001440,
0x0000143d,0x00000b43,0x00001300,0x00000b47,
0x000200f9,0x00000b4d,0x000200f8,0x00000b4d,
0x000700f5,0x0000000d,0x0000143f,0x000012fc,
0x00000b3e,0x00001440,0x00000b4c,0x000200f9,
0x00000b4f,0x000200f8,0x00000b4f,0x000700f5,
0x0000000d,0x00001441,0x00000ae8,0x00000aeb,
0x0000143f,0x00000b4d,0x00050051,0x00000006,
0x00000a30,0x00001441,0x00000000,0x00050051,
0x00000006,0x00000a32,0x0000143a,0x00000001,
0x00050051,0x00000006,0x00000a34,0x0000143a,
0x00000002,0x000300f7,0x00000b99,0x00000000,
0x000300fb,0x00000089,0x00000b61,0x000200f8,
0x00000b61,0x000500b4,0x000000aa,0x00000b64,
0x00000a32,0x000000a2,0x000300f7,0x00000b69,
0x00000000,0x000400fa,0x00000b64,0x00000b65,
0x00000b69,0x000200f8,0x00000b65,0x00060050,
0x0000000d,0x00000b68,0x00000a34,0x00000a34,
0x00000a34,0x000200f9,0x00000b99,0x000200f8,
0x00000b69,0x000500b8,0x000000aa,0x00000b6c,
0x00000a34,0x000000a6,0x000300f7,0x00000b80,
0x00000000,0x000400fa,0x00000b6c,0x00000b6d,
0x00000b74,0x000200f8,0x00000b6d,0x00050081,
0x00000006,0x00000b72,0x0000010a,0x00000a32,
0x00050085,0x00000006,0x00000b73,0x00000a34,
0x00000b72,0x000200f9,0x00000b80,0x000200f8,
0x00000b74,0x00050081,0x00000006,0x00000b79,
0x00000a34,0x00000a32,0x00050085,0x00000006,
0x00000b7e,0x00000a32,0x00000a34,0x00050083,
0x00000006,0x00000b7f,0x00000b79,0x00000b7e,
0x000200f9,0x00000b80,0x000200f8,0x00000b80,
0x000700f5,0x00000006,0x00001442,0x00000b73,
0x00000b6d,0x00000b7f,0x00000b74,0x00050085,
0x00000006,0x00000b84,0x000000bd,0x00000a34,
0x00050083,0x00000006,0x00000b86,0x00000b84,
0x00001442,0x00050081,0x00000006,0x00000b89,
0x00000a30,0x000000f8,0x000300f7,0x00000bcf,
0x00000000,0x000300fb,0x00000089,0x00000b9f,
0x000200f8,0x00000b9f,0x000500b8,0x000000aa,
0x00000ba1,0x00000b89,0x000000a2,0x000300f7,
0x00000bac,0x00000000,0x000400fa,0x00000ba1,
0x00000ba2,0x00000ba5,0x000200f8,0x00000ba2,
0x00050081,0x00000006,0x00000ba4,0x00000a30,
0x0000146b,0x000200f9,0x00000bac,0x000200f8,
0x00000ba5,0x000500ba,0x000000aa,0x00000ba7,
0x00000b89,0x0000010a,0x000300f7,0x00000bab,
0x00000000,0x000400fa,0x00000ba7,0x00000ba8,
0x00000bab,0x000200f8,0x00000ba8,0x00050081,
0x00000006,0x00000baa,0x00000a30,0x0000146a,
0x000200f9,0x00000bab,0x000200f8,0x00000bab,
0x000700f5,0x00000006,0x00001444,0x00000b89,
0x00000ba5,0x00000baa,0x00000ba8,0x000200f9,
0x00000bac,0x000200f8,0x00000bac,0x000700f5,
0x00000006,0x00001443,0x00000ba4,0x00000ba2,
0x00001444,0x00000bab,0x00050085,0x00000006,
0x00000bae,0x000000ca,0x00001443,0x000500b8,
0x000000aa,0x00000baf,0x00000bae,0x0000010a,
0x000300f7,0x00000bb9,0x00000000,0x000400fa,
0x00000baf,0x00000bb0,0x00000bb9,0x000200f8,
0x00000bb0,0x00050083,0x00000006,0x00000bb4,
0x00001442,0x00000b86,0x00050085,0x00000006,
0x00000bb5,0x00000bb4,0x000000ca,0x00050085,
0x00000006,0x00000bb7,0x00000bb5,0x00001443,
0x00050081,0x00000006,0x00000bb8,0x00000b86,
0x00000bb7,0x000200f9,0x00000bcf,0x000200f8,
0x00000bb9,0x00050085,0x00000006,0x00000bbb,
0x000000bd,0x00001443,0x000500b8,0x000000aa,
0x00000bbc,0x00000bbb,0x0000010a,0x000300f7,
0x00000bbf,0x00000000,0x000400fa,0x00000bbc,
0x00000bbd,0x00000bbf,0x000200f8,0x00000bbd,
0x000200f9,0x00000bcf,0x000200f8,0x00000bbf,
0x00050085,0x00000006,0x00000bc1,0x0000013e,
0x00001443,0x000500b8,0x000000aa,0x00000bc2,
0x00000bc1,0x000000bd,0x000300f7,0x00000bcd,
0x00000000,0x000400fa,0x00000bc2,0x00000bc3,
0x00000bcd,0x000200f8,0x00000bc3,0x00050083,
0x00000006,0x00000bc7,0x00001442,0x00000b86,
0x00050083,0x00000006,0x00000bc9,0x000000ff,
0x00001443,0x00050085,0x00000006,0x00000bca,
0x00000bc7,0x00000bc9,0x00050085,0x00000006,
0x00000bcb,0x00000bca,0x000000ca,0x00050081,
0x00000006,0x00000bcc,0x00000b86,0x00000bcb,
0x000200f9,0x00000bcf,0x000200f8,0x00000bcd,
0x000200f9,0x00000bcf,0x000200f8,0x00000bcf,
0x000b00f5,0x00000006,0x00001445,0x00000bb8,
0x00000bb0,0x00001442,0x00000bbd,0x00000bcc,
0x00000bc3,0x00000b86,0x00000bcd,0x000300f7,
0x00000c05,0x00000000,0x000300fb,0x00000089,
0x00000bd5,0x000200f8,0x00000bd5,0x000500b8,
0x000000aa,0x00000bd7,0x00000a30,0x000000a2,
0x000300f7,0x00000be2,0x00000000,0x000400fa,
0x00000bd7,0x00000bd8,0x00000bdb,0x000200f8,
0x00000bd8,0x00050081,0x00000006,0x00000bda,
0x00000a30,0x0000010a,0x000200f9,0x00000be2,
0x000200f8,0x00000bdb,0x000500ba,0x000000aa,
0x00000bdd,0x00000a30,0x0000010a,0x000300f7,
0x00000be1,0x00000000,0x000400fa,0x00000bdd,
0x00000bde,0x00000be1,0x000200f8,0x00000bde,
0x00050083,0x00000006,0x00000be0,0x00000a30,
0x0000010a,0x000200f9,0x00000be1,0x000200f8,
0x00000be1,0x000700f5,0x00000006,0x00001447,
0x00000a30,0x00000bdb,0x00000be0,0x00000bde,
0x000200f9,0x00000be2,0x000200f8,0x00000be2,
0x000700f5,0x00000006,0x00001446,0x00000bda,
0x00000bd8,0x00001447,0x00000be1,0x00050085,
0x00000006,0x00000be4,0x000000ca,0x00001446,
0x000500b8,0x000000aa,0x00000be5,0x00000be4,
0x0000010a,0x000300f7,0x00000bef,0x00000000,
0x000400fa,0x00000be5,0x00000be6,0x00000bef,
0x000200f8,0x00000be6,0x00050083,0x00000006,
0x00000bea,0x00001442,0x00000b86,0x00050085,
0x00000006,0x00000beb,0x00000bea,0x000000ca,
0x00050085,0x00000006,0x00000bed,0x00000beb,
0x00001446,0x00050081,0x00000006,0x00000bee,
0x00000b86,0x00000bed,0x000200f9,0x00000c05,
0x000200f8,0x00000bef,0x00050085,0x00000006,
0x00000bf1,0x000000bd,0x00001446,0x000500b8,
0x000000aa,0x00000bf2,0x00000bf1,0x0000010a,
0x000300f7,0x00000bf5,0x00000000,0x000400fa,
0x00000bf2,0x00000bf3,0x00000bf5,0x000200f8,
0x00000bf3,0x000200f9,0x00000c05,0x000200f8,
0x00000bf5,0x00050085,0x00000006,0x00000bf7,
0x0000013e,0x00001446,0x000500b8,0x000000aa,
0x00000bf8,0x00000bf7,0x000000bd,0x000300f7,
0x00000c03,0x00000000,0x000400fa,0x00000bf8,
0x00000bf9,0x00000c03,0x000200f8,0x00000bf9,
0x00050083,0x00000006,0x00000bfd,0x00001442,
0x00000b86,0x00050083,0x00000006,0x00000bff,
0x000000ff,0x00001446,0x00050085,0x00000006,
0x00000c00,0x00000bfd,0x00000bff,0x00050085,
0x00000006,0x00000c01,0x00000c00,0x000000ca,
0x00050081,0x00000006,0x00000c02,0x00000b86,
0x00000c01,0x000200f9,0x00000c05,0x000200f8,
0x00000c03,0x000200f9,0x00000c05,0x000200f8,
0x00000c05,0x000b00f5,0x00000006,0x00001448,
0x00000bee,0x00000be6,0x00001442,0x00000bf3,
0x00000c02,0x00000bf9,0x00000b86,0x00000c03,
0x00050083,0x00000006,0x00000b94,0x00000a30,
0x000000f8,0x000300f7,0x00000c3b,0x00000000,
0x000300fb,0x00000089,0x00000c0b,0x000200f8,
0x00000c0b,0x000500b8,0x000000aa,0x00000c0d,
0x00000b94,0x000000a2,0x000300f7,0x00000c18,
0x00000000,0x000400fa,0x00000c0d,0x00000c0e,
0x00000c11,0x000200f8,0x00000c0e,0x00050081,
0x00000006,0x00000c10,0x00000a30,0x0000146c,
0x000200f9,0x00000c18,0x000200f8,0x00000c11,
0x000500ba,0x000000aa,0x00000c13,0x00000b94,
0x0000010a,0x000300f7,0x00000c17,0x00000000,
0x000400fa,0x00000c13,0x00000c14,0x00000c17,
0x000200f8,0x00000c14,0x00050083,0x00000006,
0x00000c16,0x00000a30,0x0000146b,0x000200f9,
0x00000c17,0x000200f8,0x00000c17,0x000700f5,
0x00000006,0x0000144a,0x00000b94,0x00000c11,
0x00000c16,0x00000c14,0x000200f9,0x00000c18,
0x000200f8,0x00000c18,0x000700f5,0x00000006,
0x00001449,0x00000c10,0x00000c0e,0x0000144a,
0x00000c17,0x00050085,0x00000006,0x00000c1a,
0x000000ca,0x00001449,0x000500b8,0x000000aa,
0x00000c1b,0x00000c1a,0x0000010a,0x000300f7,
0x00000c25,0x00000000,0x000400fa,0x00000c1b,
0x00000c1c,0x00000c25,0x000200f8,0x00000c1c,
0x00050083,0x00000006,0x00000c20,0x00001442,
0x00000b86,0x00050085,0x00000006,0x00000c21,
0x00000c20,0x000000ca,0x00050085,0x00000006,
0x00000c23,0x00000c21,0x00001449,0x00050081,
0x00000006,0x00000c24,0x00000b86,0x00000c23,
0x000200f9,0x00000c3b,0x000200f8,0x00000c25,
0x00050085,0x00000006,0x00000c27,0x000000bd,
0x00001449,0x000500b8,0x000000aa,0x00000c28,
0x00000c27,0x0000010a,0x000300f7,0x00000c2b,
0x00000000,0x000400fa,0x00000c28,0x00000c29,
0x00000c2b,0x000200f8,0x00000c29,0x000200f9,
0x00000c3b,0x000200f8,0x00000c2b,0x00050085,
0x00000006,0x00000c2d,0x0000013e,0x00001449,
0x000500b8,0x000000aa,0x00000c2e,0x00000c2d,
0x000000bd,0x000300f7,0x00000c39,0x00000000,
0x000400fa,0x00000c2e,0x00000c2f,0x00000c39,
0x000200f8,0x00000c2f,0x00050083,0x00000006,
0x00000c33,0x00001442,0x00000b86,0x00050083,
0x00000006,0x00000c35,0x000000ff,0x00001449,
0x00050085,0x00000006,0x00000c36,0x00000c33,
0x00000c35,0x00050085,0x00000006,0x00000c37,
0x00000c36,0x000000ca,0x00050081,0x00000006,
0x00000c38,0x00000b86,0x00000c37,0x000200f9,
0x00000c3b,0x000200f8,0x00000c39,0x000200f9,
0x00000c3b,0x000200f8,0x00000c3b,0x000b00f5,
0x00000006,0x0000144b,0x00000c24,0x00000c1c,
0x00001442,0x00000c29,0x00000c38,0x00000c2f,
0x00000b86,0x00000c39,0x00060050,0x0000000d,
0x00000b98,0x00001445,0x00001448,0x0000144b,
0x000200f9,0x00000b99,0x000200f8,0x00000b99,
0x000700f5,0x0000000d,0x0000144c,0x00000b68,
0x00000b65,0x00000b98,0x00000c3b,0x00060050,
0x0000000d,0x00000682,0x0000053e,0x0000053e,
0x0000053e,0x0008000c,0x0000000d,0x00000683,
0x00000001,0x0000002e,0x00000504,0x0000144c,
0x00000682,0x000200f9,0x000006cc,0x000200f8,
0x00000684,0x000500aa,0x000000aa,0x00000686,
0x000004e4,0x00000473,0x000300f7,0x0000068f,
0x00000000,0x000400fa,0x00000686,0x00000687,
0x0000068f,0x000200f8,0x00000687,0x000300f7,
0x00000cd9,0x00000000,0x000300fb,0x00000089,
0x00000c5a,0x000200f8,0x00000c5a,0x00050051,
0x00000006,0x00000c5c,0x000004fe,0x00000000,
0x00050051,0x00000006,0x00000c5e,0x000004fe,
0x00000001,0x0007000c,0x00000006,0x00000c5f,
0x00000001,0x00000025,0x00000c5c,0x00000c5e,
0x00050051,0x00000006,0x00000c61,0x000004fe,
0x00000002,0x0007000c,0x00000006,0x00000c62,
0x00000001,0x00000025,0x00000c5f,0x00000c61,
0x0007000c,0x00000006,0x00000c67,0x00000001,
0x00000028,0x00000c5c,0x00000c5e,0x0007000c,
0x00000006,0x00000c6a,0x00000001,0x00000028,
0x00000c67,0x00000c61,0x00050083,0x00000006,
0x00000c6d,0x00000c6a,0x00000c62,0x00050081,
0x00000006,0x00000c70,0x00000c6a,0x00000c62,
0x00050085,0x00000006,0x00000c71,0x00000c70,
0x000000a6,0x00060050,0x0000000d,0x00000c72,
0x000000a2,0x000000a2,0x00000c71,0x000500b4,
0x000000aa,0x00000c74,0x00000c6d,0x000000a2,
0x000300f7,0x00000c77,0x00000000,0x000400fa,
0x00000c74,0x00000c75,0x00000c77,0x000200f8,
0x00000c75,0x000200f9,0x00000cd9,0x000200f8,
0x00000c77,0x00050083,0x00000006,0x00000c8e,
0x00000c6a,0x00000c5c,0x00050085,0x00000006,
0x00000c8f,0x00000c8e,0x00001469,0x00050085,
0x00000006,0x00000c91,0x00000c6d,0x000000a6,
0x00050081,0x00000006,0x00000c92,0x00000c8f,
0x00000c91,0x00050088,0x00000006,0x00000c94,
0x00000c92,0x00000c6d,0x00050083,0x00000006,
0x00000c98,0x00000c6a,0x00000c5e,0x00050085,
0x00000006,0x00000c99,0x00000c98,0x00001469,
0x00050081,0x00000006,0x00000c9c,0x00000c99,
0x00000c91,0x00050088,0x00000006,0x00000c9e,
0x00000c9c,0x00000c6d,0x00050083,0x00000006,
0x00000ca2,0x00000c6a,0x00000c61,0x00050085,
0x00000006,0x00000ca3,0x00000ca2,0x00001469,
0x00050081,0x00000006,0x00000ca6,0x00000ca3,
0x00000c91,0x00050088,0x00000006,0x00000ca8,
0x00000ca6,0x00000c6d,0x000500b4,0x000000aa,
0x00000cac,0x00000c5c,0x00000c6a,0x000300f7,
0x00000cc4,0x00000000,0x000400fa,0x00000cac,
0x00000cad,0x00000cb2,0x000200f8,0x00000cad,
0x00050083,0x00000006,0x00000cb0,0x00000ca8,
0x00000c9e,0x00060052,0x0000000d,0x0000131e,
0x00000cb0,0x00000c72,0x00000000,0x000200f9,
0x00000cc4,0x000200f8,0x00000cb2,0x000500b4,
0x000000aa,0x00000cb6,0x00000c5e,0x00000c6a,
0x000300f7,0x00000cc3,0x00000000,0x000400fa,
0x00000cb6,0x00000cb7,0x00000cbd,0x000200f8,
0x00000cb7,0x00050081,0x00000006,0x00000cb9,
0x000000f8,0x00000c94,0x00050083,0x00000006,
0x00000cbb,0x00000cb9,0x00000ca8,0x00060052,
0x0000000d,0x00001321,0x00000cbb,0x00000c72,
0x00000000,0x000200f9,0x00000cc3,0x000200f8,
0x00000cbd,0x00050081,0x00000006,0x00000cbf,
0x000000ff,0x00000c9e,0x00050083,0x00000006,
0x00000cc1,0x00000cbf,0x00000c94,0x00060052,
0x0000000d,0x00001323,0x00000cc1,0x00000c72,
0x00000000,0x000200f9,0x00000cc3,0x000200f8,
0x00000cc3,0x000700f5,0x0000000d,0x0000141e,
0x00001321,0x00000cb7,0x00001323,0x00000cbd,
0x000200f9,0x00000cc4,0x000200f8,0x00000cc4,
0x000700f5,0x0000000d,0x0000141d,0x0000131e,
0x00000cad,0x0000141e,0x00000cc3,0x00050051,
0x00000006,0x00000cc6,0x0000141d,0x00000000,
0x000500b8,0x000000aa,0x00000cc7,0x00000cc6,
0x000000a2,0x000300f7,0x00000cd7,0x00000000,
0x000400fa,0x00000cc7,0x00000cc8,0x00000ccd,
0x000200f8,0x00000cc8,0x00050081,0x00000006,
0x00000ccb,0x00000cc6,0x0000010a,0x00060052,
0x0000000d,0x00001327,0x00000ccb,0x0000141d,
0x00000000,0x000200f9,0x00000cd7,0x000200f8,
0x00000ccd,0x000500ba,0x000000aa,0x00000cd0,
0x00000cc6,0x0000010a,0x000300f7,0x00000cd6,
0x00000000,0x000400fa,0x00000cd0,0x00000cd1,
0x00000cd6,0x000200f8,0x00000cd1,0x00050083,
0x00000006,0x00000cd4,0x00000cc6,0x0000010a,
0x00060052,0x0000000d,0x0000132b,0x00000cd4,
0x0000141d,0x00000000,0x000200f9,0x00000cd6,
0x000200f8,0x00000cd6,0x000700f5,0x0000000d,
0x00001420,0x0000141d,0x00000ccd,0x0000132b,
0x00000cd1,0x000200f9,0x00000cd7,0x000200f8,
0x00000cd7,0x000700f5,0x0000000d,0x0000141f,
0x00001327,0x00000cc8,0x00001420,0x00000cd6,
0x000200f9,0x00000cd9,0x000200f8,0x00000cd9,
0x000700f5,0x0000000d,0x00001421,0x00000c72,
0x00000c75,0x0000141f,0x00000cd7,0x00050051,
0x00000006,0x00000c46,0x00001421,0x00000000,
0x000300f7,0x00000d66,0x00000000,0x000300fb,
0x00000089,0x00000ce7,0x000200f8,0x00000ce7,
0x00050051,0x00000006,0x00000ce9,0x0000053a,
0x00000000,0x00050051,0x00000006,0x00000ceb,
0x0000053a,0x00000001,0x0007000c,0x00000006,
0x00000cec,0x00000001,0x00000025,0x00000ce9,
0x00000ceb,0x00050051,0x00000006,0x00000cee,
0x0000053a,0x00000002,0x0007000c,0x00000006,
0x00000cef,0x00000001,0x00000025,0x00000cec,
0x00000cee,0x0007000c,0x00000006,0x00000cf4,
0x00000001,0x00000028,0x00000ce9,0x00000ceb,
0x0007000c,0x00000006,0x00000cf7,0x00000001,
0x00000028,0x00000cf4,0x00000cee,0x00050083,
0x00000006,0x00000cfa,0x00000cf7,0x00000cef,
0x00050081,0x00000006,0x00000cfd,0x00000cf7,
0x00000cef,0x00050085,0x00000006,0x00000cfe,
0x00000cfd,0x000000a6,0x00060050,0x0000000d,
0x00000cff,0x000000a2,0x000000a2,0x00000cfe,
0x000500b4,0x000000aa,0x00000d01,0x00000cfa,
0x000000a2,0x000300f7,0x00000d04,0x00000000,
0x000400fa,0x00000d01,0x00000d02,0x00000d04,
0x000200f8,0x00000d02,0x000200f9,0x00000d66,
0x000200f8,0x00000d04,0x000500b8,0x000000aa,
0x00000d07,0x00000cfe,0x000000a6,0x000300f7,
0x00000d15,0x00000000,0x000400fa,0x00000d07,
0x00000d08,0x00000d0e,0x000200f8,0x00000d08,
0x00050088,0x00000006,0x00000d0d,0x00000cfa,
0x00000cfd,0x000200f9,0x00000d15,0x000200f8,
0x00000d0e,0x00050083,0x00000006,0x00000d11,
0x000000bd,0x00000cf7,0x00050083,0x00000006,
0x00000d13,0x00000d11,0x00000cef,0x00050088,
0x00000006,0x00000d14,0x00000cfa,0x00000d13,
0x000200f9,0x00000d15,0x000200f8,0x00000d15,
0x000700f5,0x00000006,0x00001422,0x00000d0d,
0x00000d08,0x00000d14,0x00000d0e,0x00060052,
0x0000000d,0x00001335,0x00001422,0x0000146d,
0x00000001,0x00050083,0x00000006,0x00000d1b,
0x00000cf7,0x00000ce9,0x00050085,0x00000006,
0x00000d1c,0x00000d1b,0x00001469,0x00050085,
0x00000006,0x00000d1e,0x00000cfa,0x000000a6,
0x00050081,0x00000006,0x00000d1f,0x00000d1c,
0x00000d1e,0x00050088,0x00000006,0x00000d21,
0x00000d1f,0x00000cfa,0x00050083,0x00000006,
0x00000d25,0x00000cf7,0x00000ceb,0x00050085,
0x00000006,0x00000d26,0x00000d25,0x00001469,
0x00050081,0x00000006,0x00000d29,0x00000d26,
0x00000d1e,0x00050088,0x00000006,0x00000d2b,
0x00000d29,0x00000cfa,0x00050083,0x00000006,
0x00000d2f,0x00000cf7,0x00000cee,0x00050085,
0x00000006,0x00000d30,0x00000d2f,0x00001469,
0x00050081,0x00000006,0x00000d33,0x00000d30,
0x00000d1e,0x00050088,0x00000006,0x00000d35,
0x00000d33,0x00000cfa,0x000500b4,0x000000aa,
0x00000d39,0x00000ce9,0x00000cf7,0x000300f7,
0x00000d51,0x00000000,0x000400fa,0x00000d39,
0x00000d3a,0x00000d3f,0x000200f8,0x00000d3a,
0x00050083,0x00000006,0x00000d3d,0x00000d35,
0x00000d2b,0x00060052,0x0000000d,0x0000133b,
0x00000d3d,0x00001335,0x00000000,0x000200f9,
0x00000d51,0x000200f8,0x00000d3f,0x000500b4,
0x000000aa,0x00000d43,0x00000ceb,0x00000cf7,
0x000300f7,0x00000d50,0x00000000,0x000400fa,
0x00000d43,0x00000d44,0x00000d4a,0x000200f8,
0x00000d44,0x00050081,0x00000006,0x00000d46,
0x000000f8,0x00000d21,0x00050083,0x00000006,
0x00000d48,0x00000d46,0x00000d35,0x00060052,
0x0000000d,0x0000133e,0x00000d48,0x00001335,
0x00000000,0x000200f9,0x00000d50,0x000200f8,
0x00000d4a,0x00050081,0x00000006,0x00000d4c,
0x000000ff,0x00000d2b,0x00050083,0x00000006,
0x00000d4e,0x00000d4c,0x00000d21,0x00060052,
0x0000000d,0x00001340,0x00000d4e,0x00001335,
0x00000000,0x000200f9,0x00000d50,0x000200f8,
0x00000d50,0x000700f5,0x0000000d,0x00001425,
0x0000133e,0x00000d44,0x00001340,0x00000d4a,
0x000200f9,0x00000d51,0x000200f8,0x00000d51,
0x000700f5,0x0000000d,0x00001424,0x0000133b,
0x00000d3a,0x00001425,0x00000d50,0x000200f9,
0x00000d66,0x000200f8,0x00000d66,0x000700f5,
0x0000000d,0x00001428,0x00000cff,0x00000d02,
0x00001424,0x00000d51,0x00050051,0x00000006,
0x00000c49,0x00001428,0x00000001,0x00050051,
0x00000006,0x00000c4b,0x00001421,0x00000002,
0x000300f7,0x00000db0,0x00000000,0x000300fb,
0x00000089,0x00000d78,0x000200f8,0x00000d78,
0x000500b4,0x000000aa,0x00000d7b,0x00000c49,
0x000000a2,0x000300f7,0x00000d80,0x00000000,
0x000400fa,0x00000d7b,0x00000d7c,0x00000d80,
0x000200f8,0x00000d7c,0x00060050,0x0000000d,
0x00000d7f,0x00000c4b,0x00000c4b,0x00000c4b,
0x000200f9,0x00000db0,0x000200f8,0x00000d80,
0x000500b8,0x000000aa,0x00000d83,0x00000c4b,
0x000000a6,0x000300f7,0x00000d97,0x00000000,
0x000400fa,0x00000d83,0x00000d84,0x00000d8b,
0x000200f8,0x00000d84,0x00050081,0x00000006,
0x00000d89,0x0000010a,0x00000c49,0x00050085,
0x00000006,0x00000d8a,0x00000c4b,0x00000d89,
0x000200f9,0x00000d97,0x000200f8,0x00000d8b,
0x00050081,0x00000006,0x00000d90,0x00000c4b,
0x00000c49,0x00050085,0x00000006,0x00000d95,
0x00000c49,0x00000c4b,0x00050083,0x00000006,
0x00000d96,0x00000d90,0x00000d95,0x000200f9,
0x00000d97,0x000200f8,0x00000d97,0x000700f5,
0x00000006,0x00001429,0x00000d8a,0x00000d84,
0x00000d96,0x00000d8b,0x00050085,0x00000006,
0x00000d9b,0x000000bd,0x00000c4b,0x00050083,
0x00000006,0x00000d9d,0x00000d9b,0x00001429,
0x00050081,0x00000006,0x00000da0,0x00000c46,
0x000000f8,0x000300f7,0x00000de6,0x00000000,
0x000300fb,0x00000089,0x00000db6,0x000200f8,
0x00000db6,0x000500b8,0x000000aa,0x00000db8,
0x00000da0,0x000000a2,0x000300f7,0x00000dc3,
0x00000000,0x000400fa,0x00000db8,0x00000db9,
0x00000dbc,0x000200f8,0x00000db9,0x00050081,
0x00000006,0x00000dbb,0x00000c46,0x0000146b,
0x000200f9,0x00000dc3,0x000200f8,0x00000dbc,
0x000500ba,0x000000aa,0x00000dbe,0x00000da0,
0x0000010a,0x000300f7,0x00000dc2,0x00000000,
0x000400fa,0x00000dbe,0x00000dbf,0x00000dc2,
0x000200f8,0x00000dbf,0x00050081,0x00000006,
0x00000dc1,0x00000c46,0x0000146a,0x000200f9,
0x00000dc2,0x000200f8,0x00000dc2,0x000700f5,
0x00000006,0x0000142b,0x00000da0,0x00000dbc,
0x00000dc1,0x00000dbf,0x000200f9,0x00000dc3,
0x000200f8,0x00000dc3,0x000700f5,0x00000006,
0x0000142a,0x00000dbb,0x00000db9,0x0000142b,
0x00000dc2,0x00050085,0x00000006,0x00000dc5,
0x000000ca,0x0000142a,0x000500b8,0x000000aa,
0x00000dc6,0x00000dc5,0x0000010a,0x000300f7,
0x00000dd0,0x00000000,0x000400fa,0x00000dc6,
0x00000dc7,0x00000dd0,0x000200f8,0x00000dc7,
0x00050083,0x00000006,0x00000dcb,0x00001429,
0x00000d9d,0x00050085,0x00000006,0x00000dcc,
0x00000dcb,0x000000ca,0x00050085,0x00000006,
0x00000dce,0x00000dcc,0x0000142a,0x00050081,
0x00000006,0x00000dcf,0x00000d9d,0x00000dce,
0x000200f9,0x00000de6,0x000200f8,0x00000dd0,
0x00050085,0x00000006,0x00000dd2,0x000000bd,
0x0000142a,0x000500b8,0x000000aa,0x00000dd3,
0x00000dd2,0x0000010a,0x000300f7,0x00000dd6,
0x00000000,0x000400fa,0x00000dd3,0x00000dd4,
0x00000dd6,0x000200f8,0x00000dd4,0x000200f9,
0x00000de6,0x000200f8,0x00000dd6,0x00050085,
0x00000006,0x00000dd8,0x0000013e,0x0000142a,
0x000500b8,0x000000aa,0x00000dd9,0x00000dd8,
0x000000bd,0x000300f7,0x00000de4,0x00000000,
0x000400fa,0x00000dd9,0x00000dda,0x00000de4,
0x000200f8,0x00000dda,0x00050083,0x00000006,
0x00000dde,0x00001429,0x00000d9d,0x00050083,
0x00000006,0x00000de0,0x000000ff,0x0000142a,
0x00050085,0x00000006,0x00000de1,0x00000dde,
0x00000de0,0x00050085,0x00000006,0x00000de2,
0x00000de1,0x000000ca,0x00050081,0x00000006,
0x00000de3,0x00000d9d,0x00000de2,0x000200f9,
0x00000de6,0x000200f8,0x00000de4,0x000200f9,
0x00000de6,0x000200f8,0x00000de6,0x000b00f5,
0x00000006,0x0000142c,0x00000dcf,0x00000dc7,
0x00001429,0x00000dd4,0x00000de3,0x00000dda,
0x00000d9d,0x00000de4,0x000300f7,0x00000e1c,
0x00000000,0x000300fb,0x00000089,0x00000dec,
0x000200f8,0x00000dec,0x000500b8,0x000000aa,
0x00000dee,0x00000c46,0x000000a2,0x000300f7,
0x00000df9,0x00000000,0x000400fa,0x00000dee,
0x00000def,0x00000df2,0x000200f8,0x00000def,
0x00050081,0x00000006,0x00000df1,0x00000c46,
0x0000010a,0x000200f9,0x00000df9,0x000200f8,
0x00000df2,0x000500ba,0x000000aa,0x00000df4,
0x00000c46,0x0000010a,0x000300f7,0x00000df8,
0x00000000,0x000400fa,0x00000df4,0x00000df5,
0x00000df8,0x000200f8,0x00000df5,0x00050083,
0x00000006,0x00000df7,0x00000c46,0x0000010a,
0x000200f9,0x00000df8,0x000200f8,0x00000df8,
0x000700f5,0x00000006,0x0000142e,0x00000c46,
0x00000df2,0x00000df7,0x00000df5,0x000200f9,
0x00000df9,0x000200f8,0x00000df9,0x000700f5,
0x00000006,0x0000142d,0x00000df1,0x00000def,
0x0000142e,0x00000df8,0x00050085,0x00000006,
0x00000dfb,0x000000ca,0x0000142d,0x000500b8,
0x000000aa,0x00000dfc,0x00000dfb,0x0000010a,
0x000300f7,0x00000e06,0x00000000,0x000400fa,
0x00000dfc,0x00000dfd,0x00000e06,0x000200f8,
0x00000dfd,0x00050083,0x00000006,0x00000e01,
0x00001429,0x00000d9d,0x00050085,0x00000006,
0x00000e02,0x00000e01,0x000000ca,0x00050085,
0x00000006,0x00000e04,0x00000e02,0x0000142d,
0x00050081,0x00000006,0x00000e05,0x00000d9d,
0x00000e04,0x000200f9,0x00000e1c,0x000200f8,
0x00000e06,0x00050085,0x00000006,0x00000e08,
0x000000bd,0x0000142d,0x000500b8,0x000000aa,
0x00000e09,0x00000e08,0x0000010a,0x000300f7,
0x00000e0c,0x00000000,0x000400fa,0x00000e09,
0x00000e0a,0x00000e0c,0x000200f8,0x00000e0a,
0x000200f9,0x00000e1c,0x000200f8,0x00000e0c,
0x00050085,0x00000006,0x00000e0e,0x0000013e,
0x0000142d,0x000500b8,0x000000aa,0x00000e0f,
0x00000e0e,0x000000bd,0x000300f7,0x00000e1a,
0x00000000,0x000400fa,0x00000e0f,0x00000e10,
0x00000e1a,0x000200f8,0x00000e10,0x00050083,
0x00000006,0x00000e14,0x00001429,0x00000d9d,
0x00050083,0x00000006,0x00000e16,0x000000ff,
0x0000142d,0x00050085,0x00000006,0x00000e17,
0x00000e14,0x00000e16,0x00050085,0x00000006,
0x00000e18,0x00000e17,0x000000ca,0x00050081,
0x00000006,0x00000e19,0x00000d9d,0x00000e18,
0x000200f9,0x00000e1c,0x000200f8,0x00000e1a,
0x000200f9,0x00000e1c,0x000200f8,0x00000e1c,
0x000b00f5,0x00000006,0x0000142f,0x00000e05,
0x00000dfd,0x00001429,0x00000e0a,0x00000e19,
0x00000e10,0x00000d9d,0x00000e1a,0x00050083,
0x00000006,0x00000dab,0x00000c46,0x000000f8,
0x000300f7,0x00000e52,0x00000000,0x000300fb,
0x00000089,0x00000e22,0x000200f8,0x00000e22,
0x000500b8,0x000000aa,0x00000e24,0x00000dab,
0x000000a2,0x000300f7,0x00000e2f,0x00000000,
0x000400fa,0x00000e24,0x00000e25,0x00000e28,
0x000200f8,0x00000e25,0x00050081,0x00000006,
0x00000e27,0x00000c46,0x0000146c,0x000200f9,
0x00000e2f,0x000200f8,0x00000e28,0x000500ba,
0x000000aa,0x00000e2a,0x00000dab,0x0000010a,
0x000300f7,0x00000e2e,0x00000000,0x000400fa,
0x00000e2a,0x00000e2b,0x00000e2e,0x000200f8,
0x00000e2b,0x00050083,0x00000006,0x00000e2d,
0x00000c46,0x0000146b,0x000200f9,0x00000e2e,
0x000200f8,0x00000e2e,0x000700f5,0x00000006,
0x00001431,0x00000dab,0x00000e28,0x00000e2d,
0x00000e2b,0x000200f9,0x00000e2f,0x000200f8,
0x00000e2f,0x000700f5,0x00000006,0x00001430,
0x00000e27,0x00000e25,0x00001431,0x00000e2e,
0x00050085,0x00000006,0x00000e31,0x000000ca,
0x00001430,0x000500b8,0x000000aa,0x00000e32,
0x00000e31,0x0000010a,0x000300f7,0x00000e3c,
0x00000000,0x000400fa,0x00000e32,0x00000e33,
0x00000e3c,0x000200f8,0x00000e33,0x00050083,
0x00000006,0x00000e37,0x00001429,0x00000d9d,
0x00050085,0x00000006,0x00000e38,0x00000e37,
0x000000ca,0x00050085,0x00000006,0x00000e3a,
0x00000e38,0x00001430,0x00050081,0x00000006,
0x00000e3b,0x00000d9d,0x00000e3a,0x000200f9,
0x00000e52,0x000200f8,0x00000e3c,0x00050085,
0x00000006,0x00000e3e,0x000000bd,0x00001430,
0x000500b8,0x000000aa,0x00000e3f,0x00000e3e,
0x0000010a,0x000300f7,0x00000e42,0x00000000,
0x000400fa,0x00000e3f,0x00000e40,0x00000e42,
0x000200f8,0x00000e40,0x000200f9,0x00000e52,
0x000200f8,0x00000e42,0x00050085,0x00000006,
0x00000e44,0x0000013e,0x00001430,0x000500b8,
0x000000aa,0x00000e45,0x00000e44,0x000000bd,
0x000300f7,0x00000e50,0x00000000,0x000400fa,
0x00000e45,0x00000e46,0x00000e50,0x000200f8,
0x00000e46,0x00050083,0x00000006,0x00000e4a,
0x00001429,0x00000d9d,0x00050083,0x00000006,
0x00000e4c,0x000000ff,0x00001430,0x00050085,
0x00000006,0x00000e4d,0x00000e4a,0x00000e4c,
0x00050085,0x00000006,0x00000e4e,0x00000e4d,
0x000000ca,0x00050081,0x00000006,0x00000e4f,
0x00000d9d,0x00000e4e,0x000200f9,0x00000e52,
0x000200f8,0x00000e50,0x000200f9,0x00000e52,
0x000200f8,0x00000e52,0x000b00f5,0x00000006,
0x00001432,0x00000e3b,0x00000e33,0x00001429,
0x00000e40,0x00000e4f,0x00000e46,0x00000d9d,
0x00000e50,0x00060050,0x0000000d,0x00000daf,
0x0000142c,0x0000142f,0x00001432,0x000200f9,
0x00000db0,0x000200f8,0x00000db0,0x000700f5,
0x0000000d,0x00001433,0x00000d7f,0x00000d7c,
0x00000daf,0x00000e52,0x00060050,0x0000000d,
0x0000068d,0x0000053e,0x0000053e,0x0000053e,
0x0008000c,0x0000000d,0x0000068e,0x00000001,
0x0000002e,0x00000504,0x00001433,0x0000068d,
0x000200f9,0x000006cc,0x000200f8,0x0000068f,
0x000500aa,0x000000aa,0x00000691,0x000004e4,
0x00000482,0x000300f7,0x0000069a,0x00000000,
0x000400fa,0x00000691,0x00000692,0x0000069a,
0x000200f8,0x00000692,0x000300f7,0x00000ef0,
0x00000000,0x000300fb,0x00000089,0x00000e71,
0x000200f8,0x00000e71,0x00050051,0x00000006,
0x00000e73,0x0000053a,0x00000000,0x00050051,
0x00000006,0x00000e75,0x0000053a,0x00000001,
0x0007000c,0x00000006,0x00000e76,0x00000001,
0x00000025,0x00000e73,0x00000e75,0x00050051,
0x00000006,0x00000e78,0x0000053a,0x00000002,
0x0007000c,0x00000006,0x00000e79,0x00000001,
0x00000025,0x00000e76,0x00000e78,0x0007000c,
0x00000006,0x00000e7e,0x00000001,0x00000028,
0x00000e73,0x00000e75,0x0007000c,0x00000006,
0x00000e81,0x00000001,0x00000028,0x00000e7e,
0x00000e78,0x00050083,0x00000006,0x00000e84,
0x00000e81,0x00000e79,0x00050081,0x00000006,
0x00000e87,0x00000e81,0x00000e79,0x00050085,
0x00000006,0x00000e88,0x00000e87,0x000000a6,
0x00060050,0x0000000d,0x00000e89,0x000000a2,
0x000000a2,0x00000e88,0x000500b4,0x000000aa,
0x00000e8b,0x00000e84,0x000000a2,0x000300f7,
0x00000e8e,0x00000000,0x000400fa,0x00000e8b,
0x00000e8c,0x00000e8e,0x000200f8,0x00000e8c,
0x000200f9,0x00000ef0,0x000200f8,0x00000e8e,
0x000500b8,0x000000aa,0x00000e91,0x00000e88,
0x000000a6,0x000300f7,0x00000e9f,0x00000000,
0x000400fa,0x00000e91,0x00000e92,0x00000e98,
0x000200f8,0x00000e92,0x00050088,0x00000006,
0x00000e97,0x00000e84,0x00000e87,0x000200f9,
0x00000e9f,0x000200f8,0x00000e98,0x00050083,
0x00000006,0x00000e9b,0x000000bd,0x00000e81,
0x00050083,0x00000006,0x00000e9d,0x00000e9b,
0x00000e79,0x00050088,0x00000006,0x00000e9e,
0x00000e84,0x00000e9d,0x000200f9,0x00000e9f,
0x000200f8,0x00000e9f,0x000700f5,0x00000006,
0x00001402,0x00000e97,0x00000e92,0x00000e9e,
0x00000e98,0x00060052,0x0000000d,0x0000135f,
0x00001402,0x0000146d,0x00000001,0x00050083,
0x00000006,0x00000ea5,0x00000e81,0x00000e73,
0x00050085,0x00000006,0x00000ea6,0x00000ea5,
0x00001469,0x00050085,0x00000006,0x00000ea8,
0x00000e84,0x000000a6,0x00050081,0x00000006,
0x00000ea9,0x00000ea6,0x00000ea8,0x00050088,
0x00000006,0x00000eab,0x00000ea9,0x00000e84,
0x00050083,0x00000006,0x00000eaf,0x00000e81,
0x00000e75,0x00050085,0x00000006,0x00000eb0,
0x00000eaf,0x00001469,0x00050081,0x00000006,
0x00000eb3,0x00000eb0,0x00000ea8,0x00050088,
0x00000006,0x00000eb5,0x00000eb3,0x00000e84,
0x00050083,0x00000006,0x00000eb9,0x00000e81,
0x00000e78,0x00050085,0x00000006,0x00000eba,
0x00000eb9,0x00001469,0x00050081,0x00000006,
0x00000ebd,0x00000eba,0x00000ea8,0x00050088,
0x00000006,0x00000ebf,0x00000ebd,0x00000e84,
0x000500b4,0x000000aa,0x00000ec3,0x00000e73,
0x00000e81,0x000300f7,0x00000edb,0x00000000,
0x000400fa,0x00000ec3,0x00000ec4,0x00000ec9,
0x000200f8,0x00000ec4,0x00050083,0x00000006,
0x00000ec7,0x00000ebf,0x00000eb5,0x00060052,
0x0000000d,0x00001365,0x00000ec7,0x0000135f,
0x00000000,0x000200f9,0x00000edb,0x000200f8,
0x00000ec9,0x000500b4,0x000000aa,0x00000ecd,
0x00000e75,0x00000e81,0x000300f7,0x00000eda,
0x00000000,0x000400fa,0x00000ecd,0x00000ece,
0x00000ed4,0x000200f8,0x00000ece,0x00050081,
0x00000006,0x00000ed0,0x000000f8,0x00000eab,
0x00050083,0x00000006,0x00000ed2,0x00000ed0,
0x00000ebf,0x00060052,0x0000000d,0x00001368,
0x00000ed2,0x0000135f,0x00000000,0x000200f9,
0x00000eda,0x000200f8,0x00000ed4,0x00050081,
0x00000006,0x00000ed6,0x000000ff,0x00000eb5,
0x00050083,0x00000006,0x00000ed8,0x00000ed6,
0x00000eab,0x00060052,0x0000000d,0x0000136a,
0x00000ed8,0x0000135f,0x00000000,0x000200f9,
0x00000eda,0x000200f8,0x00000eda,0x000700f5,
0x0000000d,0x00001405,0x00001368,0x00000ece,
0x0000136a,0x00000ed4,0x000200f9,0x00000edb,
0x000200f8,0x00000edb,0x000700f5,0x0000000d,
0x00001404,0x00001365,0x00000ec4,0x00001405,
0x00000eda,0x00050051,0x00000006,0x00000edd,
0x00001404,0x00000000,0x000500b8,0x000000aa,
0x00000ede,0x00000edd,0x000000a2,0x000300f7,
0x00000eee,0x00000000,0x000400fa,0x00000ede,
0x00000edf,0x00000ee4,0x000200f8,0x00000edf,
0x00050081,0x00000006,0x00000ee2,0x00000edd,
0x0000010a,0x00060052,0x0000000d,0x0000136e,
0x00000ee2,0x00001404,0x00000000,0x000200f9,
0x00000eee,0x000200f8,0x00000ee4,0x000500ba,
0x000000aa,0x00000ee7,0x00000edd,0x0000010a,
0x000300f7,0x00000eed,0x00000000,0x000400fa,
0x00000ee7,0x00000ee8,0x00000eed,0x000200f8,
0x00000ee8,0x00050083,0x00000006,0x00000eeb,
0x00000edd,0x0000010a,0x00060052,0x0000000d,
0x00001372,0x00000eeb,0x00001404,0x00000000,
0x000200f9,0x00000eed,0x000200f8,0x00000eed,
0x000700f5,0x0000000d,0x00001407,0x00001404,
0x00000ee4,0x00001372,0x00000ee8,0x000200f9,
0x00000eee,0x000200f8,0x00000eee,0x000700f5,
0x0000000d,0x00001406,0x0000136e,0x00000edf,
0x00001407,0x00000eed,0x000200f9,0x00000ef0,
0x000200f8,0x00000ef0,0x000700f5,0x0000000d,
0x00001408,0x00000e89,0x00000e8c,0x00001406,
0x00000eee,0x00050051,0x00000006,0x00000e5d,
0x00001408,0x00000000,0x00050051,0x00000006,
0x00000e5f,0x00001408,0x00000001,0x000300f7,
0x00000f7d,0x00000000,0x000300fb,0x00000089,
0x00000efe,0x000200f8,0x00000efe,0x00050051,
0x00000006,0x00000f00,0x000004fe,0x00000000,
0x00050051,0x00000006,0x00000f02,0x000004fe,
0x00000001,0x0007000c,0x00000006,0x00000f03,
0x00000001,0x00000025,0x00000f00,0x00000f02,
0x00050051,0x00000006,0x00000f05,0x000004fe,
0x00000002,0x0007000c,0x00000006,0x00000f06,
0x00000001,0x00000025,0x00000f03,0x00000f05,
0x0007000c,0x00000006,0x00000f0b,0x00000001,
0x00000028,0x00000f00,0x00000f02,0x0007000c,
0x00000006,0x00000f0e,0x00000001,0x00000028,
0x00000f0b,0x00000f05,0x00050083,0x00000006,
0x00000f11,0x00000f0e,0x00000f06,0x00050081,
0x00000006,0x00000f14,0x00000f0e,0x00000f06,
0x00050085,0x00000006,0x00000f15,0x00000f14,
0x000000a6,0x00060050,0x0000000d,0x00000f16,
0x000000a2,0x000000a2,0x00000f15,0x000500b4,
0x000000aa,0x00000f18,0x00000f11,0x000000a2,
0x000300f7,0x00000f1b,0x00000000,0x000400fa,
0x00000f18,0x00000f19,0x00000f1b,0x000200f8,
0x00000f19,0x000200f9,0x00000f7d,0x000200f8,
0x00000f1b,0x00050083,0x00000006,0x00000f32,
0x00000f0e,0x00000f00,0x00050085,0x00000006,
0x00000f33,0x00000f32,0x00001469,0x00050085,
0x00000006,0x00000f35,0x00000f11,0x000000a6,
0x00050081,0x00000006,0x00000f36,0x00000f33,
0x00000f35,0x00050088,0x00000006,0x00000f38,
0x00000f36,0x00000f11,0x00050083,0x00000006,
0x00000f3c,0x00000f0e,0x00000f02,0x00050085,
0x00000006,0x00000f3d,0x00000f3c,0x00001469,
0x00050081,0x00000006,0x00000f40,0x00000f3d,
0x00000f35,0x00050088,0x00000006,0x00000f42,
0x00000f40,0x00000f11,0x00050083,0x00000006,
0x00000f46,0x00000f0e,0x00000f05,0x00050085,
0x00000006,0x00000f47,0x00000f46,0x00001469,
0x00050081,0x00000006,0x00000f4a,0x00000f47,
0x00000f35,0x00050088,0x00000006,0x00000f4c,
0x00000f4a,0x00000f11,0x000500b4,0x000000aa,
0x00000f50,0x00000f00,0x00000f0e,0x000300f7,
0x00000f68,0x00000000,0x000400fa,0x00000f50,
0x00000f51,0x00000f56,0x000200f8,0x00000f51,
0x00050083,0x00000006,0x00000f54,0x00000f4c,
0x00000f42,0x00060052,0x0000000d,0x00001383,
0x00000f54,0x00000f16,0x00000000,0x000200f9,
0x00000f68,0x000200f8,0x00000f56,0x000500b4,
0x000000aa,0x00000f5a,0x00000f02,0x00000f0e,
0x000300f7,0x00000f67,0x00000000,0x000400fa,
0x00000f5a,0x00000f5b,0x00000f61,0x000200f8,
0x00000f5b,0x00050081,0x00000006,0x00000f5d,
0x000000f8,0x00000f38,0x00050083,0x00000006,
0x00000f5f,0x00000f5d,0x00000f4c,0x00060052,
0x0000000d,0x00001386,0x00000f5f,0x00000f16,
0x00000000,0x000200f9,0x00000f67,0x000200f8,
0x00000f61,0x00050081,0x00000006,0x00000f63,
0x000000ff,0x00000f42,0x00050083,0x00000006,
0x00000f65,0x00000f63,0x00000f38,0x00060052,
0x0000000d,0x00001388,0x00000f65,0x00000f16,
0x00000000,0x000200f9,0x00000f67,0x000200f8,
0x00000f67,0x000700f5,0x0000000d,0x0000140c,
0x00001386,0x00000f5b,0x00001388,0x00000f61,
0x000200f9,0x00000f68,0x000200f8,0x00000f68,
0x000700f5,0x0000000d,0x0000140b,0x00001383,
0x00000f51,0x0000140c,0x00000f67,0x000200f9,
0x00000f7d,0x000200f8,0x00000f7d,0x000700f5,
0x0000000d,0x0000140f,0x00000f16,0x00000f19,
0x0000140b,0x00000f68,0x00050051,0x00000006,
0x00000e62,0x0000140f,0x00000002,0x000300f7,
0x00000fc7,0x00000000,0x000300fb,0x00000089,
0x00000f8f,0x000200f8,0x00000f8f,0x000500b4,
0x000000aa,0x00000f92,0x00000e5f,0x000000a2,
0x000300f7,0x00000f97,0x00000000,0x000400fa,
0x00000f92,0x00000f93,0x00000f97,0x000200f8,
0x00000f93,0x00060050,0x0000000d,0x00000f96,
0x00000e62,0x00000e62,0x00000e62,0x000200f9,
0x00000fc7,0x000200f8,0x00000f97,0x000500b8,
0x000000aa,0x00000f9a,0x00000e62,0x000000a6,
0x000300f7,0x00000fae,0x00000000,0x000400fa,
0x00000f9a,0x00000f9b,0x00000fa2,0x000200f8,
0x00000f9b,0x00050081,0x00000006,0x00000fa0,
0x0000010a,0x00000e5f,0x00050085,0x00000006,
0x00000fa1,0x00000e62,0x00000fa0,0x000200f9,
0x00000fae,0x000200f8,0x00000fa2,0x00050081,
0x00000006,0x00000fa7,0x00000e62,0x00000e5f,
0x00050085,0x00000006,0x00000fac,0x00000e5f,
0x00000e62,0x00050083,0x00000006,0x00000fad,
0x00000fa7,0x00000fac,0x000200f9,0x00000fae,
0x000200f8,0x00000fae,0x000700f5,0x00000006,
0x00001410,0x00000fa1,0x00000f9b,0x00000fad,
0x00000fa2,0x00050085,0x00000006,0x00000fb2,
0x000000bd,0x00000e62,0x00050083,0x00000006,
0x00000fb4,0x00000fb2,0x00001410,0x00050081,
0x00000006,0x00000fb7,0x00000e5d,0x000000f8,
0x000300f7,0x00000ffd,0x00000000,0x000300fb,
0x00000089,0x00000fcd,0x000200f8,0x00000fcd,
0x000500b8,0x000000aa,0x00000fcf,0x00000fb7,
0x000000a2,0x000300f7,0x00000fda,0x00000000,
0x000400fa,0x00000fcf,0x00000fd0,0x00000fd3,
0x000200f8,0x00000fd0,0x00050081,0x00000006,
0x00000fd2,0x00000e5d,0x0000146b,0x000200f9,
0x00000fda,0x000200f8,0x00000fd3,0x000500ba,
0x000000aa,0x00000fd5,0x00000fb7,0x0000010a,
0x000300f7,0x00000fd9,0x00000000,0x000400fa,
0x00000fd5,0x00000fd6,0x00000fd9,0x000200f8,
0x00000fd6,0x00050081,0x00000006,0x00000fd8,
0x00000e5d,0x0000146a,0x000200f9,0x00000fd9,
0x000200f8,0x00000fd9,0x000700f5,0x00000006,
0x00001412,0x00000fb7,0x00000fd3,0x00000fd8,
0x00000fd6,0x000200f9,0x00000fda,0x000200f8,
0x00000fda,0x000700f5,0x00000006,0x00001411,
0x00000fd2,0x00000fd0,0x00001412,0x00000fd9,
0x00050085,0x00000006,0x00000fdc,0x000000ca,
0x00001411,0x000500b8,0x000000aa,0x00000fdd,
0x00000fdc,0x0000010a,0x000300f7,0x00000fe7,
0x00000000,0x000400fa,0x00000fdd,0x00000fde,
0x00000fe7,0x000200f8,0x00000fde,0x00050083,
0x00000006,0x00000fe2,0x00001410,0x00000fb4,
0x00050085,0x00000006,0x00000fe3,0x00000fe2,
0x000000ca,0x00050085,0x00000006,0x00000fe5,
0x00000fe3,0x00001411,0x00050081,0x00000006,
0x00000fe6,0x00000fb4,0x00000fe5,0x000200f9,
0x00000ffd,0x000200f8,0x00000fe7,0x00050085,
0x00000006,0x00000fe9,0x000000bd,0x00001411,
0x000500b8,0x000000aa,0x00000fea,0x00000fe9,
0x0000010a,0x000300f7,0x00000fed,0x00000000,
0x000400fa,0x00000fea,0x00000feb,0x00000fed,
0x000200f8,0x00000feb,0x000200f9,0x00000ffd,
0x000200f8,0x00000fed,0x00050085,0x00000006,
0x00000fef,0x0000013e,0x00001411,0x000500b8,
0x000000aa,0x00000ff0,0x00000fef,0x000000bd,
0x000300f7,0x00000ffb,0x00000000,0x000400fa,
0x00000ff0,0x00000ff1,0x00000ffb,0x000200f8,
0x00000ff1,0x00050083,0x00000006,0x00000ff5,
0x00001410,0x00000fb4,0x00050083,0x00000006,
0x00000ff7,0x000000ff,0x00001411,0x00050085,
0x00000006,0x00000ff8,0x00000ff5,0x00000ff7,
0x00050085,0x00000006,0x00000ff9,0x00000ff8,
0x000000ca,0x00050081,0x00000006,0x00000ffa,
0x00000fb4,0x00000ff9,0x000200f9,0x00000ffd,
0x000200f8,0x00000ffb,0x000200f9,0x00000ffd,
0x000200f8,0x00000ffd,0x000b00f5,0x00000006,
0x00001413,0x00000fe6,0x00000fde,0x00001410,
0x00000feb,0x00000ffa,0x00000ff1,0x00000fb4,
0x00000ffb,0x000300f7,0x00001033,0x00000000,
0x000300fb,0x00000089,0x00001003,0x000200f8,
0x00001003,0x000500b8,0x000000aa,0x00001005,
0x00000e5d,0x000000a2,0x000300f7,0x00001010,
0x00000000,0x000400fa,0x00001005,0x00001006,
0x00001009,0x000200f8,0x00001006,0x00050081,
0x00000006,0x00001008,0x00000e5d,0x0000010a,
0x000200f9,0x00001010,0x000200f8,0x00001009,
0x000500ba,0x000000aa,0x0000100b,0x00000e5d,
0x0000010a,0x000300f7,0x0000100f,0x00000000,
0x000400fa,0x0000100b,0x0000100c,0x0000100f,
0x000200f8,0x0000100c,0x00050083,0x00000006,
0x0000100e,0x00000e5d,0x0000010a,0x000200f9,
0x0000100f,0x000200f8,0x0000100f,0x000700f5,
0x00000006,0x00001415,0x00000e5d,0x00001009,
0x0000100e,0x0000100c,0x000200f9,0x00001010,
0x000200f8,0x00001010,0x000700f5,0x00000006,
0x00001414,0x00001008,0x00001006,0x00001415,
0x0000100f,0x00050085,0x00000006,0x00001012,
0x000000ca,0x00001414,0x000500b8,0x000000aa,
0x00001013,0x00001012,0x0000010a,0x000300f7,
0x0000101d,0x00000000,0x000400fa,0x00001013,
0x00001014,0x0000101d,0x000200f8,0x00001014,
0x00050083,0x00000006,0x00001018,0x00001410,
0x00000fb4,0x00050085,0x00000006,0x00001019,
0x00001018,0x000000ca,0x00050085,0x00000006,
0x0000101b,0x00001019,0x00001414,0x00050081,
0x00000006,0x0000101c,0x00000fb4,0x0000101b,
0x000200f9,0x00001033,0x000200f8,0x0000101d,
0x00050085,0x00000006,0x0000101f,0x000000bd,
0x00001414,0x000500b8,0x000000aa,0x00001020,
0x0000101f,0x0000010a,0x000300f7,0x00001023,
0x00000000,0x000400fa,0x00001020,0x00001021,
0x00001023,0x000200f8,0x00001021,0x000200f9,
0x00001033,0x000200f8,0x00001023,0x00050085,
0x00000006,0x00001025,0x0000013e,0x00001414,
0x000500b8,0x000000aa,0x00001026,0x00001025,
0x000000bd,0x000300f7,0x00001031,0x00000000,
0x000400fa,0x00001026,0x00001027,0x00001031,
0x000200f8,0x00001027,0x00050083,0x00000006,
0x0000102b,0x00001410,0x00000fb4,0x00050083,
0x00000006,0x0000102d,0x000000ff,0x00001414,
0x00050085,0x00000006,0x0000102e,0x0000102b,
0x0000102d,0x00050085,0x00000006,0x0000102f,
0x0000102e,0x000000ca,0x00050081,0x00000006,
0x00001030,0x00000fb4,0x0000102f,0x000200f9,
0x00001033,0x000200f8,0x00001031,0x000200f9,
0x00001033,0x000200f8,0x00001033,0x000b00f5,
0x00000006,0x00001416,0x0000101c,0x00001014,
0x00001410,0x00001021,0x00001030,0x00001027,
0x00000fb4,0x00001031,0x00050083,0x00000006,
0x00000fc2,0x00000e5d,0x000000f8,0x000300f7,
0x00001069,0x00000000,0x000300fb,0x00000089,
0x00001039,0x000200f8,0x00001039,0x000500b8,
0x000000aa,0x0000103b,0x00000fc2,0x000000a2,
0x000300f7,0x00001046,0x00000000,0x000400fa,
0x0000103b,0x0000103c,0x0000103f,0x000200f8,
0x0000103c,0x00050081,0x00000006,0x0000103e,
0x00000e5d,0x0000146c,0x000200f9,0x00001046,
0x000200f8,0x0000103f,0x000500ba,0x000000aa,
0x00001041,0x00000fc2,0x0000010a,0x000300f7,
0x00001045,0x00000000,0x000400fa,0x00001041,
0x00001042,0x00001045,0x000200f8,0x00001042,
0x00050083,0x00000006,0x00001044,0x00000e5d,
0x0000146b,0x000200f9,0x00001045,0x000200f8,
0x00001045,0x000700f5,0x00000006,0x00001418,
0x00000fc2,0x0000103f,0x00001044,0x00001042,
0x000200f9,0x00001046,0x000200f8,0x00001046,
0x000700f5,0x00000006,0x00001417,0x0000103e,
0x0000103c,0x00001418,0x00001045,0x00050085,
0x00000006,0x00001048,0x000000ca,0x00001417,
0x000500b8,0x000000aa,0x00001049,0x00001048,
0x0000010a,0x000300f7,0x00001053,0x00000000,
0x000400fa,0x00001049,0x0000104a,0x00001053,
0x000200f8,0x0000104a,0x00050083,0x00000006,
0x0000104e,0x00001410,0x00000fb4,0x00050085,
0x00000006,0x0000104f,0x0000104e,0x000000ca,
0x00050085,0x00000006,0x00001051,0x0000104f,
0x00001417,0x00050081,0x00000006,0x00001052,
0x00000fb4,0x00001051,0x000200f9,0x00001069,
0x000200f8,0x00001053,0x00050085,0x00000006,
0x00001055,0x000000bd,0x00001417,0x000500b8,
0x000000aa,0x00001056,0x00001055,0x0000010a,
0x000300f7,0x00001059,0x00000000,0x000400fa,
0x00001056,0x00001057,0x00001059,0x000200f8,
0x00001057,0x000200f9,0x00001069,0x000200f8,
0x00001059,0x00050085,0x00000006,0x0000105b,
0x0000013e,0x00001417,0x000500b8,0x000000aa,
0x0000105c,0x0000105b,0x000000bd,0x000300f7,
0x00001067,0x00000000,0x000400fa,0x0000105c,
0x0000105d,0x00001067,0x000200f8,0x0000105d,
0x00050083,0x00000006,0x00001061,0x00001410,
0x00000fb4,0x00050083,0x00000006,0x00001063,
0x000000ff,0x00001417,0x00050085,0x00000006,
0x00001064,0x00001061,0x00001063,0x00050085,
0x00000006,0x00001065,0x00001064,0x000000ca,
0x00050081,0x00000006,0x00001066,0x00000fb4,
0x00001065,0x000200f9,0x00001069,0x000200f8,
0x00001067,0x000200f9,0x00001069,0x000200f8,
0x00001069,0x000b00f5,0x00000006,0x00001419,
0x00001052,0x0000104a,0x00001410,0x00001057,
0x00001066,0x0000105d,0x00000fb4,0x00001067,
0x00060050,0x0000000d,0x00000fc6,0x00001413,
0x00001416,0x00001419,0x000200f9,0x00000fc7,
0x000200f8,0x00000fc7,0x000700f5,0x0000000d,
0x0000141a,0x00000f96,0x00000f93,0x00000fc6,
0x00001069,0x00060050,0x0000000d,0x00000698,
0x0000053e,0x0000053e,0x0000053e,0x0008000c,
0x0000000d,0x00000699,0x00000001,0x0000002e,
0x00000504,0x0000141a,0x00000698,0x000200f9,
0x000006cc,0x000200f8,0x0000069a,0x000500aa,
0x000000aa,0x0000069c,0x000004e4,0x00000491,
0x000300f7,0x000006a5,0x00000000,0x000400fa,
0x0000069c,0x0000069d,0x000006a5,0x000200f8,
0x0000069d,0x000300f7,0x00001107,0x00000000,
0x000300fb,0x00000089,0x00001088,0x000200f8,
0x00001088,0x00050051,0x00000006,0x0000108a,
0x000004fe,0x00000000,0x00050051,0x00000006,
0x0000108c,0x000004fe,0x00000001,0x0007000c,
0x00000006,0x0000108d,0x00000001,0x00000025,
0x0000108a,0x0000108c,0x00050051,0x00000006,
0x0000108f,0x000004fe,0x00000002,0x0007000c,
0x00000006,0x00001090,0x00000001,0x00000025,
0x0000108d,0x0000108f,0x0007000c,0x00000006,
0x00001095,0x00000001,0x00000028,0x0000108a,
0x0000108c,0x0007000c,0x00000006,0x00001098,
0x00000001,0x00000028,0x00001095,0x0000108f,
0x00050083,0x00000006,0x0000109b,0x00001098,
0x00001090,0x00050081,0x00000006,0x0000109e,
0x00001098,0x00001090,0x00050085,0x00000006,
0x0000109f,0x0000109e,0x000000a6,0x00060050,
0x0000000d,0x000010a0,0x000000a2,0x000000a2,
0x0000109f,0x000500b4,0x000000aa,0x000010a2,
0x0000109b,0x000000a2,0x000300f7,0x000010a5,
0x00000000,0x000400fa,0x000010a2,0x000010a3,
0x000010a5,0x000200f8,0x000010a3,0x000200f9,
0x00001107,0x000200f8,0x000010a5,0x000500b8,
0x000000aa,0x000010a8,0x0000109f,0x000000a6,
0x000300f7,0x000010b6,0x00000000,0x000400fa,
0x000010a8,0x000010a9,0x000010af,0x000200f8,
0x000010a9,0x00050088,0x00000006,0x000010ae,
0x0000109b,0x0000109e,0x000200f9,0x000010b6,
0x000200f8,0x000010af,0x00050083,0x00000006,
0x000010b2,0x000000bd,0x00001098,0x00050083,
0x00000006,0x000010b4,0x000010b2,0x00001090,
0x00050088,0x00000006,0x000010b5,0x0000109b,
0x000010b4,0x000200f9,0x000010b6,0x000200f8,
0x000010b6,0x000700f5,0x00000006,0x000013e9,
0x000010ae,0x000010a9,0x000010b5,0x000010af,
0x00060052,0x0000000d,0x000013a6,0x000013e9,
0x0000146d,0x00000001,0x00050083,0x00000006,
0x000010bc,0x00001098,0x0000108a,0x00050085,
0x00000006,0x000010bd,0x000010bc,0x00001469,
0x00050085,0x00000006,0x000010bf,0x0000109b,
0x000000a6,0x00050081,0x00000006,0x000010c0,
0x000010bd,0x000010bf,0x00050088,0x00000006,
0x000010c2,0x000010c0,0x0000109b,0x00050083,
0x00000006,0x000010c6,0x00001098,0x0000108c,
0x00050085,0x00000006,0x000010c7,0x000010c6,
0x00001469,0x00050081,0x00000006,0x000010ca,
0x000010c7,0x000010bf,0x00050088,0x00000006,
0x000010cc,0x000010ca,0x0000109b,0x00050083,
0x00000006,0x000010d0,0x00001098,0x0000108f,
0x00050085,0x00000006,0x000010d1,0x000010d0,
0x00001469,0x00050081,0x00000006,0x000010d4,
0x000010d1,0x000010bf,0x00050088,0x00000006,
0x000010d6,0x000010d4,0x0000109b,0x000500b4,
0x000000aa,0x000010da,0x0000108a,0x00001098,
0x000300f7,0x000010f2,0x00000000,0x000400fa,
0x000010da,0x000010db,0x000010e0,0x000200f8,
0x000010db,0x00050083,0x00000006,0x000010de,
0x000010d6,0x000010cc,0x00060052,0x0000000d,
0x000013ac,0x000010de,0x000013a6,0x00000000,
0x000200f9,0x000010f2,0x000200f8,0x000010e0,
0x000500b4,0x000000aa,0x000010e4,0x0000108c,
0x00001098,0x000300f7,0x000010f1,0x00000000,
0x000400fa,0x000010e4,0x000010e5,0x000010eb,
0x000200f8,0x000010e5,0x00050081,0x00000006,
0x000010e7,0x000000f8,0x000010c2,0x00050083,
0x00000006,0x000010e9,0x000010e7,0x000010d6,
0x00060052,0x0000000d,0x000013af,0x000010e9,
0x000013a6,0x00000000,0x000200f9,0x000010f1,
0x000200f8,0x000010eb,0x00050081,0x00000006,
0x000010ed,0x000000ff,0x000010cc,0x00050083,
0x00000006,0x000010ef,0x000010ed,0x000010c2,
0x00060052,0x0000000d,0x000013b1,0x000010ef,
0x000013a6,0x00000000,0x000200f9,0x000010f1,
0x000200f8,0x000010f1,0x000700f5,0x0000000d,
0x000013ec,0x000013af,0x000010e5,0x000013b1,
0x000010eb,0x000200f9,0x000010f2,0x000200f8,
0x000010f2,0x000700f5,0x0000000d,0x000013eb,
0x000013ac,0x000010db,0x000013ec,0x000010f1,
0x00050051,0x00000006,0x000010f4,0x000013eb,
0x00000000,0x000500b8,0x000000aa,0x000010f5,
0x000010f4,0x000000a2,0x000300f7,0x00001105,
0x00000000,0x000400fa,0x000010f5,0x000010f6,
0x000010fb,0x000200f8,0x000010f6,0x00050081,
0x00000006,0x000010f9,0x000010f4,0x0000010a,
0x00060052,0x0000000d,0x000013b5,0x000010f9,
0x000013eb,0x00000000,0x000200f9,0x00001105,
0x000200f8,0x000010fb,0x000500ba,0x000000aa,
0x000010fe,0x000010f4,0x0000010a,0x000300f7,
0x00001104,0x00000000,0x000400fa,0x000010fe,
0x000010ff,0x00001104,0x000200f8,0x000010ff,
0x00050083,0x00000006,0x00001102,0x000010f4,
0x0000010a,0x00060052,0x0000000d,0x000013b9,
0x00001102,0x000013eb,0x00000000,0x000200f9,
0x00001104,0x000200f8,0x00001104,0x000700f5,
0x0000000d,0x000013ee,0x000013eb,0x000010fb,
0x000013b9,0x000010ff,0x000200f9,0x00001105,
0x000200f8,0x00001105,0x000700f5,0x0000000d,
0x000013ed,0x000013b5,0x000010f6,0x000013ee,
0x00001104,0x000200f9,0x00001107,0x000200f8,
0x00001107,0x000700f5,0x0000000d,0x000013ef,
0x000010a0,0x000010a3,0x000013ed,0x00001105,
0x00050051,0x00000006,0x00001074,0x000013ef,
0x00000000,0x00050051,0x00000006,0x00001076,
0x000013ef,0x00000001,0x000300f7,0x00001194,
0x00000000,0x000300fb,0x00000089,0x00001115,
0x000200f8,0x00001115,0x00050051,0x00000006,
0x00001117,0x0000053a,0x00000000,0x00050051,
0x00000006,0x00001119,0x0000053a,0x00000001,
0x0007000c,0x00000006,0x0000111a,0x00000001,
0x00000025,0x00001117,0x00001119,0x00050051,
0x00000006,0x0000111c,0x0000053a,0x00000002,
0x0007000c,0x00000006,0x0000111d,0x00000001,
0x00000025,0x0000111a,0x0000111c,0x0007000c,
0x00000006,0x00001122,0x00000001,0x00000028,
0x00001117,0x00001119,0x0007000c,0x00000006,
0x00001125,0x00000001,0x00000028,0x00001122,
0x0000111c,0x00050083,0x00000006,0x00001128,
0x00001125,0x0000111d,0x00050081,0x00000006,
0x0000112b,0x00001125,0x0000111d,0x00050085,
0x00000006,0x0000112c,0x0000112b,0x000000a6,
0x00060050,0x0000000d,0x0000112d,0x000000a2,
0x000000a2,0x0000112c,0x000500b4,0x000000aa,
0x0000112f,0x00001128,0x000000a2,0x000300f7,
0x00001132,0x00000000,0x000400fa,0x0000112f,
0x00001130,0x00001132,0x000200f8,0x00001130,
0x000200f9,0x00001194,0x000200f8,0x00001132,
0x00050083,0x00000006,0x00001149,0x00001125,
0x00001117,0x00050085,0x00000006,0x0000114a,
0x00001149,0x00001469,0x00050085,0x00000006,
0x0000114c,0x00001128,0x000000a6,0x00050081,
0x00000006,0x0000114d,0x0000114a,0x0000114c,
0x00050088,0x00000006,0x0000114f,0x0000114d,
0x00001128,0x00050083,0x00000006,0x00001153,
0x00001125,0x00001119,0x00050085,0x00000006,
0x00001154,0x00001153,0x00001469,0x00050081,
0x00000006,0x00001157,0x00001154,0x0000114c,
0x00050088,0x00000006,0x00001159,0x00001157,
0x00001128,0x00050083,0x00000006,0x0000115d,
0x00001125,0x0000111c,0x00050085,0x00000006,
0x0000115e,0x0000115d,0x00001469,0x00050081,
0x00000006,0x00001161,0x0000115e,0x0000114c,
0x00050088,0x00000006,0x00001163,0x00001161,
0x00001128,0x000500b4,0x000000aa,0x00001167,
0x00001117,0x00001125,0x000300f7,0x0000117f,
0x00000000,0x000400fa,0x00001167,0x00001168,
0x0000116d,0x000200f8,0x00001168,0x00050083,
0x00000006,0x0000116b,0x00001163,0x00001159,
0x00060052,0x0000000d,0x000013ca,0x0000116b,
0x0000112d,0x00000000,0x000200f9,0x0000117f,
0x000200f8,0x0000116d,0x000500b4,0x000000aa,
0x00001171,0x00001119,0x00001125,0x000300f7,
0x0000117e,0x00000000,0x000400fa,0x00001171,
0x00001172,0x00001178,0x000200f8,0x00001172,
0x00050081,0x00000006,0x00001174,0x000000f8,
0x0000114f,0x00050083,0x00000006,0x00001176,
0x00001174,0x00001163,0x00060052,0x0000000d,
0x000013cd,0x00001176,0x0000112d,0x00000000,
0x000200f9,0x0000117e,0x000200f8,0x00001178,
0x00050081,0x00000006,0x0000117a,0x000000ff,
0x00001159,0x00050083,0x00000006,0x0000117c,
0x0000117a,0x0000114f,0x00060052,0x0000000d,
0x000013cf,0x0000117c,0x0000112d,0x00000000,
0x000200f9,0x0000117e,0x000200f8,0x0000117e,
0x000700f5,0x0000000d,0x000013f3,0x000013cd,
0x00001172,0x000013cf,0x00001178,0x000200f9,
0x0000117f,0x000200f8,0x0000117f,0x000700f5,
0x0000000d,0x000013f2,0x000013ca,0x00001168,
0x000013f3,0x0000117e,0x000200f9,0x00001194,
0x000200f8,0x00001194,0x000700f5,0x0000000d,
0x000013f6,0x0000112d,0x00001130,0x000013f2,
0x0000117f,0x00050051,0x00000006,0x00001079,
0x000013f6,0x00000002,0x000300f7,0x000011de,
0x00000000,0x000300fb,0x00000089,0x000011a6,
0x000200f8,0x000011a6,0x000500b4,0x000000aa,
0x000011a9,0x00001076,0x000000a2,0x000300f7,
0x000011ae,0x00000000,0x000400fa,0x000011a9,
0x000011aa,0x000011ae,0x000200f8,0x000011aa,
0x00060050,0x0000000d,0x000011ad,0x00001079,
0x00001079,0x00001079,0x000200f9,0x000011de,
0x000200f8,0x000011ae,0x000500b8,0x000000aa,
0x000011b1,0x00001079,0x000000a6,0x000300f7,
0x000011c5,0x00000000,0x000400fa,0x000011b1,
0x000011b2,0x000011b9,0x000200f8,0x000011b2,
0x00050081,0x00000006,0x000011b7,0x0000010a,
0x00001076,0x00050085,0x00000006,0x000011b8,
0x00001079,0x000011b7,0x000200f9,0x000011c5,
0x000200f8,0x000011b9,0x00050081,0x00000006,
0x000011be,0x00001079,0x00001076,0x00050085,
0x00000006,0x000011c3,0x00001076,0x00001079,
0x00050083,0x00000006,0x000011c4,0x000011be,
0x000011c3,0x000200f9,0x000011c5,0x000200f8,
0x000011c5,0x000700f5,0x00000006,0x000013f7,
0x000011b8,0x000011b2,0x000011c4,0x000011b9,
0x00050085,0x00000006,0x000011c9,0x000000bd,
0x00001079,0x00050083,0x00000006,0x000011cb,
0x000011c9,0x000013f7,0x00050081,0x00000006,
0x000011ce,0x00001074,0x000000f8,0x000300f7,
0x00001214,0x00000000,0x000300fb,0x00000089,
0x000011e4,0x000200f8,0x000011e4,0x000500b8,
0x000000aa,0x000011e6,0x000011ce,0x000000a2,
0x000300f7,0x000011f1,0x00000000,0x000400fa,
0x000011e6,0x000011e7,0x000011ea,0x000200f8,
0x000011e7,0x00050081,0x00000006,0x000011e9,
0x00001074,0x0000146b,0x000200f9,0x000011f1,
0x000200f8,0x000011ea,0x000500ba,0x000000aa,
0x000011ec,0x000011ce,0x0000010a,0x000300f7,
0x000011f0,0x00000000,0x000400fa,0x000011ec,
0x000011ed,0x000011f0,0x000200f8,0x000011ed,
0x00050081,0x00000006,0x000011ef,0x00001074,
0x0000146a,0x000200f9,0x000011f0,0x000200f8,
0x000011f0,0x000700f5,0x00000006,0x000013f9,
0x000011ce,0x000011ea,0x000011ef,0x000011ed,
0x000200f9,0x000011f1,0x000200f8,0x000011f1,
0x000700f5,0x00000006,0x000013f8,0x000011e9,
0x000011e7,0x000013f9,0x000011f0,0x00050085,
0x00000006,0x000011f3,0x000000ca,0x000013f8,
0x000500b8,0x000000aa,0x000011f4,0x000011f3,
0x0000010a,0x000300f7,0x000011fe,0x00000000,
0x000400fa,0x000011f4,0x000011f5,0x000011fe,
0x000200f8,0x000011f5,0x00050083,0x00000006,
0x000011f9,0x000013f7,0x000011cb,0x00050085,
0x00000006,0x000011fa,0x000011f9,0x000000ca,
0x00050085,0x00000006,0x000011fc,0x000011fa,
0x000013f8,0x00050081,0x00000006,0x000011fd,
0x000011cb,0x000011fc,0x000200f9,0x00001214,
0x000200f8,0x000011fe,0x00050085,0x00000006,
0x00001200,0x000000bd,0x000013f8,0x000500b8,
0x000000aa,0x00001201,0x00001200,0x0000010a,
0x000300f7,0x00001204,0x00000000,0x000400fa,
0x00001201,0x00001202,0x00001204,0x000200f8,
0x00001202,0x000200f9,0x00001214,0x000200f8,
0x00001204,0x00050085,0x00000006,0x00001206,
0x0000013e,0x000013f8,0x000500b8,0x000000aa,
0x00001207,0x00001206,0x000000bd,0x000300f7,
0x00001212,0x00000000,0x000400fa,0x00001207,
0x00001208,0x00001212,0x000200f8,0x00001208,
0x00050083,0x00000006,0x0000120c,0x000013f7,
0x000011cb,0x00050083,0x00000006,0x0000120e,
0x000000ff,0x000013f8,0x00050085,0x00000006,
0x0000120f,0x0000120c,0x0000120e,0x00050085,
0x00000006,0x00001210,0x0000120f,0x000000ca,
0x00050081,0x00000006,0x00001211,0x000011cb,
0x00001210,0x000200f9,0x00001214,0x000200f8,
0x00001212,0x000200f9,0x00001214,0x000200f8,
0x00001214,0x000b00f5,0x00000006,0x000013fa,
0x000011fd,0x000011f5,0x000013f7,0x00001202,
0x00001211,0x00001208,0x000011cb,0x00001212,
0x000300f7,0x0000124a,0x00000000,0x000300fb,
0x00000089,0x0000121a,0x000200f8,0x0000121a,
0x000500b8,0x000000aa,0x0000121c,0x00001074,
0x000000a2,0x000300f7,0x00001227,0x00000000,
0x000400fa,0x0000121c,0x0000121d,0x00001220,
0x000200f8,0x0000121d,0x00050081,0x00000006,
0x0000121f,0x00001074,0x0000010a,0x000200f9,
0x00001227,0x000200f8,0x00001220,0x000500ba,
0x000000aa,0x00001222,0x00001074,0x0000010a,
0x000300f7,0x00001226,0x00000000,0x000400fa,
0x00001222,0x00001223,0x00001226,0x000200f8,
0x00001223,0x00050083,0x00000006,0x00001225,
0x00001074,0x0000010a,0x000200f9,0x00001226,
0x000200f8,0x00001226,0x000700f5,0x00000006,
0x000013fc,0x00001074,0x00001220,0x00001225,
0x00001223,0x000200f9,0x00001227,0x000200f8,
0x00001227,0x000700f5,0x00000006,0x000013fb,
0x0000121f,0x0000121d,0x000013fc,0x00001226,
0x00050085,0x00000006,0x00001229,0x000000ca,
0x000013fb,0x000500b8,0x000000aa,0x0000122a,
0x00001229,0x0000010a,0x000300f7,0x00001234,
0x00000000,0x000400fa,0x0000122a,0x0000122b,
0x00001234,0x000200f8,0x0000122b,0x00050083,
0x00000006,0x0000122f,0x000013f7,0x000011cb,
0x00050085,0x00000006,0x00001230,0x0000122f,
0x000000ca,0x00050085,0x00000006,0x00001232,
0x00001230,0x000013fb,0x00050081,0x00000006,
0x00001233,0x000011cb,0x00001232,0x000200f9,
0x0000124a,0x000200f8,0x00001234,0x00050085,
0x00000006,0x00001236,0x000000bd,0x000013fb,
0x000500b8,0x000000aa,0x00001237,0x00001236,
0x0000010a,0x000300f7,0x0000123a,0x00000000,
0x000400fa,0x00001237,0x00001238,0x0000123a,
0x000200f8,0x00001238,0x000200f9,0x0000124a,
0x000200f8,0x0000123a,0x00050085,0x00000006,
0x0000123c,0x0000013e,0x000013fb,0x000500b8,
0x000000aa,0x0000123d,0x0000123c,0x000000bd,
0x000300f7,0x00001248,0x00000000,0x000400fa,
0x0000123d,0x0000123e,0x00001248,0x000200f8,
0x0000123e,0x00050083,0x00000006,0x00001242,
0x000013f7,0x000011cb,0x00050083,0x00000006,
0x00001244,0x000000ff,0x000013fb,0x00050085,
0x00000006,0x00001245,0x00001242,0x00001244,
0x00050085,0x00000006,0x00001246,0x00001245,
0x000000ca,0x00050081,0x00000006,0x00001247,
0x000011cb,0x00001246,0x000200f9,0x0000124a,
0x000200f8,0x00001248,0x000200f9,0x0000124a,
0x000200f8,0x0000124a,0x000b00f5,0x00000006,
0x000013fd,0x00001233,0x0000122b,0x000013f7,
0x00001238,0x00001247,0x0000123e,0x000011cb,
0x00001248,0x00050083,0x00000006,0x000011d9,
0x00001074,0x000000f8,0x000300f7,0x00001280,
0x00000000,0x000300fb,0x00000089,0x00001250,
0x000200f8,0x00001250,0x000500b8,0x000000aa,
0x00001252,0x000011d9,0x000000a2,0x000300f7,
0x0000125d,0x00000000,0x000400fa,0x00001252,
0x00001253,0x00001256,0x000200f8,0x00001253,
0x00050081,0x00000006,0x00001255,0x00001074,
0x0000146c,0x000200f9,0x0000125d,0x000200f8,
0x00001256,0x000500ba,0x000000aa,0x00001258,
0x000011d9,0x0000010a,0x000300f7,0x0000125c,
0x00000000,0x000400fa,0x00001258,0x00001259,
0x0000125c,0x000200f8,0x00001259,0x00050083,
0x00000006,0x0000125b,0x00001074,0x0000146b,
0x000200f9,0x0000125c,0x000200f8,0x0000125c,
0x000700f5,0x00000006,0x000013ff,0x000011d9,
0x00001256,0x0000125b,0x00001259,0x000200f9,
0x0000125d,0x000200f8,0x0000125d,0x000700f5,
0x00000006,0x000013fe,0x00001255,0x00001253,
0x000013ff,0x0000125c,0x00050085,0x00000006,
0x0000125f,0x000000ca,0x000013fe,0x000500b8,
0x000000aa,0x00001260,0x0000125f,0x0000010a,
0x000300f7,0x0000126a,0x00000000,0x000400fa,
0x00001260,0x00001261,0x0000126a,0x000200f8,
0x00001261,0x00050083,0x00000006,0x00001265,
0x000013f7,0x000011cb,0x00050085,0x00000006,
0x00001266,0x00001265,0x000000ca,0x00050085,
0x00000006,0x00001268,0x00001266,0x000013fe,
0x00050081,0x00000006,0x00001269,0x000011cb,
0x00001268,0x000200f9,0x00001280,0x000200f8,
0x0000126a,0x00050085,0x00000006,0x0000126c,
0x000000bd,0x000013fe,0x000500b8,0x000000aa,
0x0000126d,0x0000126c,0x0000010a,0x000300f7,
0x00001270,0x00000000,0x000400fa,0x0000126d,
0x0000126e,0x00001270,0x000200f8,0x0000126e,
0x000200f9,0x00001280,0x000200f8,0x00001270,
0x00050085,0x00000006,0x00001272,0x0000013e,
0x000013fe,0x000500b8,0x000000aa,0x00001273,
0x00001272,0x000000bd,0x000300f7,0x0000127e,
0x00000000,0x000400fa,0x00001273,0x00001274,
0x0000127e,0x000200f8,0x00001274,0x00050083,
0x00000006,0x00001278,0x000013f7,0x000011cb,
0x00050083,0x00000006,0x0000127a,0x000000ff,
0x000013fe,0x00050085,0x00000006,0x0000127b,
0x00001278,0x0000127a,0x00050085,0x00000006,
0x0000127c,0x0000127b,0x000000ca,0x00050081,
0x00000006,0x0000127d,0x000011cb,0x0000127c,
0x000200f9,0x00001280,0x000200f8,0x0000127e,
0x000200f9,0x00001280,0x000200f8,0x00001280,
0x000b00f5,0x00000006,0x00001400,0x00001269,
0x00001261,0x000013f7,0x0000126e,0x0000127d,
0x00001274,0x000011cb,0x0000127e,0x00060050,
0x0000000d,0x000011dd,0x000013fa,0x000013fd,
0x00001400,0x000200f9,0x000011de,0x000200f8,
0x000011de,0x000700f5,0x0000000d,0x00001401,
0x000011ad,0x000011aa,0x000011dd,0x00001280,
0x00060050,0x0000000d,0x000006a3,0x0000053e,
0x0000053e,0x0000053e,0x0008000c,0x0000000d,
0x000006a4,0x00000001,0x0000002e,0x00000504,
0x00001401,0x000006a3,0x000200f9,0x000006cc,
0x000200f8,0x000006a5,0x000500aa,0x000000aa,
0x000006a7,0x000004e4,0x000004a0,0x000300f7,
0x000006b0,0x00000000,0x000400fa,0x000006a7,
0x000006a8,0x000006b0,0x000200f8,0x000006a8,
0x00050051,0x00000006,0x00001285,0x000004fe,
0x00000000,0x00050051,0x00000006,0x00001287,
0x000004fe,0x00000001,0x00050051,0x00000006,
0x00001289,0x000004fe,0x00000002,0x0007000c,
0x00000006,0x0000128a,0x00000001,0x00000028,
0x00001287,0x00001289,0x0007000c,0x00000006,
0x0000128b,0x00000001,0x00000028,0x00001285,
0x0000128a,0x00060050,0x0000000d,0x0000128c,
0x0000128b,0x0000128b,0x0000128b,0x00050085,
0x0000000d,0x0000128e,0x0000128c,0x00000507,
0x00060050,0x0000000d,0x000006ae,0x0000053e,
0x0000053e,0x0000053e,0x0008000c,0x0000000d,
0x000006af,0x00000001,0x0000002e,0x00000504,
0x0000128e,0x000006ae,0x000200f9,0x000006cc,
0x000200f8,0x000006b0,0x000500aa,0x000000aa,
0x000006b2,0x000004e4,0x000004af,0x000300f7,
0x000006b9,0x00000000,0x000400fa,0x000006b2,
0x000006b3,0x000006b9,0x000200f8,0x000006b3,
0x0005008e,0x0000000d,0x000006b7,0x00000507,
0x0000053e,0x00050081,0x0000000d,0x000006b8,
0x00000504,0x000006b7,0x000200f9,0x000006cc,
0x000200f8,0x000006b9,0x000500aa,0x000000aa,
0x000006bb,0x000004e4,0x000004ba,0x000300f7,
0x000006c6,0x00000000,0x000400fa,0x000006bb,
0x000006bc,0x000006c6,0x000200f8,0x000006bc,
0x00050085,0x0000000d,0x000006c1,0x00000504,
0x00000507,0x00050081,0x0000000d,0x000006c2,
0x00000504,0x000006c1,0x00060050,0x0000000d,
0x000006c4,0x0000053e,0x0000053e,0x0000053e,
0x0008000c,0x0000000d,0x000006c5,0x00000001,
0x0000002e,0x00000504,0x000006c2,0x000006c4,
0x000200f9,0x000006cc,0x000200f8,0x000006c6,
0x00060050,0x0000000d,0x000006ca,0x0000053e,
0x0000053e,0x0000053e,0x0008000c,0x0000000d,
0x000006cb,0x00000001,0x0000002e,0x00000504,
0x00000507,0x000006ca,0x000200f9,0x000006cc,
0x000200f8,0x000006cc,0x004300f5,0x0000000d,
0x00001468,0x00000573,0x0000056c,0x0000057e,
0x00000577,0x00000589,0x00000714,0x00000599,
0x00000590,0x000005a0,0x0000059d,0x000005ab,
0x000005a4,0x000005b6,0x000005af,0x000005c1,
0x00000764,0x000005cd,0x000005c5,0x000005d4,
0x000005d1,0x000005df,0x000005d8,0x000005ea,
0x000007f8,0x000005f5,0x000005ee,0x00000600,
0x000008af,0x0000060b,0x00000604,0x00000616,
0x0000060f,0x00000621,0x00000984,0x0000062d,
0x00000625,0x0000063d,0x00000631,0x00000648,
0x000009cf,0x00000653,0x00000a1a,0x0000065e,
0x00000657,0x0000066a,0x00000662,0x00000678,
0x0000066e,0x00000683,0x00000b99,0x0000068e,
0x00000db0,0x00000699,0x00000fc7,0x000006a4,
0x000011de,0x000006af,0x000006a8,0x000006b8,
0x000006b3,0x000006c5,0x000006bc,0x000006cb,
0x000006c6,0x00050041,0x0000050c,0x0000050d,
0x000004e9,0x00000089,0x00050051,0x00000006,
0x0000050e,0x00001468,0x00000000,0x0003003e,
0x0000050d,0x0000050e,0x00050041,0x0000050c,
0x0000050f,0x000004e9,0x0000008c,0x00050051,
0x00000006,0x00000510,0x00001468,0x00000001,
0x0003003e,0x0000050f,0x00000510,0x00050041,
0x0000050c,0x00000511,0x000004e9,0x00000090,
0x00050051,0x00000006,0x00000512,0x00001468,
0x00000002,0x0003003e,0x00000511,0x00000512,
0x00050051,0x00000006,0x00000514,0x000004fe,
0x00000003,0x00050041,0x0000050c,0x00000515,
0x000004e9,0x00000080,0x0003003e,0x00000515,
0x00000514,0x000200f9,0x00000517,0x000200f8,
0x00000517,0x000100fd,0x00010038,
]
